date,phc_id,patient_count,beds_occupied
2026-03-01,PHC001,41,2
2026-03-02,PHC001,84,4
2026-03-03,PHC001,68,4
2026-03-04,PHC001,69,4
2026-03-05,PHC001,69,4
2026-03-06,PHC001,70,4
2026-03-07,PHC001,77,4
2026-03-08,PHC001,50,3
2026-03-09,PHC001,82,4
2026-03-10,PHC001,62,3
2026-03-11,PHC001,79,4
2026-03-12,PHC001,79,4
2026-03-13,PHC001,66,3
2026-03-14,PHC001,80,4
2026-03-15,PHC001,50,3
2026-03-16,PHC001,93,4
2026-03-17,PHC001,68,4
2026-03-18,PHC001,78,4
2026-03-19,PHC001,72,4
2026-03-20,PHC001,76,4
2026-03-21,PHC001,61,3
2026-03-22,PHC001,48,2
2026-03-23,PHC001,85,4
2026-03-24,PHC001,71,4
2026-03-25,PHC001,74,4
2026-03-26,PHC001,69,4
2026-03-27,PHC001,78,4
2026-03-28,PHC001,76,4
2026-03-29,PHC001,47,2
2026-03-30,PHC001,88,4
2026-03-31,PHC001,79,4
2026-04-01,PHC001,75,4
2026-04-02,PHC001,74,4
2026-04-03,PHC001,74,4
2026-04-04,PHC001,77,4
2026-04-05,PHC001,50,3
2026-04-06,PHC001,87,4
2026-04-07,PHC001,70,4
2026-04-08,PHC001,76,4
2026-04-09,PHC001,81,4
2026-04-10,PHC001,78,4
2026-04-11,PHC001,76,4
2026-04-12,PHC001,51,3
2026-04-13,PHC001,104,4
2026-04-14,PHC001,77,4
2026-04-15,PHC001,65,3
2026-04-16,PHC001,86,4
2026-04-17,PHC001,84,4
2026-04-18,PHC001,73,4
2026-04-19,PHC001,47,2
2026-04-20,PHC001,90,4
2026-04-21,PHC001,88,4
2026-04-22,PHC001,81,4
2026-04-23,PHC001,83,4
2026-04-24,PHC001,76,4
2026-04-25,PHC001,87,4
2026-04-26,PHC001,56,3
2026-04-27,PHC001,110,4
2026-04-28,PHC001,88,4
2026-04-29,PHC001,72,4
2026-04-30,PHC001,81,4
2026-05-01,PHC001,78,4
2026-05-02,PHC001,72,4
2026-05-03,PHC001,53,3
2026-05-04,PHC001,106,4
2026-05-05,PHC001,70,4
2026-05-06,PHC001,60,3
2026-05-07,PHC001,75,4
2026-05-08,PHC001,75,4
2026-05-09,PHC001,64,3
2026-05-10,PHC001,51,3
2026-05-11,PHC001,100,4
2026-05-12,PHC001,75,4
2026-05-13,PHC001,72,4
2026-05-14,PHC001,65,3
2026-05-15,PHC001,73,4
2026-05-16,PHC001,71,4
2026-05-17,PHC001,53,3
2026-05-18,PHC001,86,4
2026-05-19,PHC001,64,3
2026-05-20,PHC001,64,3
2026-05-21,PHC001,68,4
2026-05-22,PHC001,69,4
2026-05-23,PHC001,64,3
2026-05-24,PHC001,51,3
2026-05-25,PHC001,92,4
2026-05-26,PHC001,70,4
2026-05-27,PHC001,83,4
2026-05-28,PHC001,57,3
2026-05-29,PHC001,57,3
2026-05-30,PHC001,62,3
2026-05-31,PHC001,49,2
2026-06-01,PHC001,91,4
2026-06-02,PHC001,68,4
2026-06-03,PHC001,72,4
2026-06-04,PHC001,65,3
2026-06-05,PHC001,77,4
2026-06-06,PHC001,58,3
2026-06-07,PHC001,49,2
2026-06-08,PHC001,81,4
2026-06-09,PHC001,59,3
2026-06-10,PHC001,78,4
2026-06-11,PHC001,68,4
2026-06-12,PHC001,74,4
2026-06-13,PHC001,65,3
2026-06-14,PHC001,46,2
2026-06-15,PHC001,82,4
2026-06-16,PHC001,76,4
2026-06-17,PHC001,67,4
2026-06-18,PHC001,57,3
2026-06-19,PHC001,56,3
2026-06-20,PHC001,81,4
2026-06-21,PHC001,46,2
2026-06-22,PHC001,70,4
2026-06-23,PHC001,64,3
2026-06-24,PHC001,64,3
2026-06-25,PHC001,68,4
2026-06-26,PHC001,65,3
2026-06-27,PHC001,64,3
2026-06-28,PHC001,46,2
2026-06-29,PHC001,77,4
2026-06-30,PHC001,58,3
2026-07-01,PHC001,62,3
2026-07-02,PHC001,65,3
2026-07-03,PHC001,61,3
2026-07-04,PHC001,72,4
2026-07-05,PHC001,46,2
2026-07-06,PHC001,64,3
2026-07-07,PHC001,65,3
2026-07-08,PHC001,68,4
2026-07-09,PHC001,64,3
2026-07-10,PHC001,67,4
2026-07-11,PHC001,63,3
2026-07-12,PHC001,44,2
2026-07-13,PHC001,74,4
2026-07-14,PHC001,61,3
2026-07-15,PHC001,55,3
2026-07-16,PHC001,64,3
2026-07-17,PHC001,59,3
2026-07-18,PHC001,63,3
2026-07-19,PHC001,39,2
2026-07-20,PHC001,74,4
2026-07-21,PHC001,64,3
2026-07-22,PHC001,61,3
2026-07-23,PHC001,57,3
2026-07-24,PHC001,60,3
2026-07-25,PHC001,68,4
2026-07-26,PHC001,36,2
2026-07-27,PHC001,91,4
2026-07-28,PHC001,61,3
2026-07-29,PHC001,60,3
2026-07-30,PHC001,58,3
2026-07-31,PHC001,60,3
2026-08-01,PHC001,67,4
2026-08-02,PHC001,46,2
2026-08-03,PHC001,93,4
2026-08-04,PHC001,67,4
2026-08-05,PHC001,59,3
2026-08-06,PHC001,75,4
2026-08-07,PHC001,65,3
2026-08-08,PHC001,73,4
2026-08-09,PHC001,47,2
2026-08-10,PHC001,85,4
2026-08-11,PHC001,65,3
2026-08-12,PHC001,74,4
2026-08-13,PHC001,65,3
2026-08-14,PHC001,67,4
2026-08-15,PHC001,66,3
2026-08-16,PHC001,54,3
2026-08-17,PHC001,98,4
2026-08-18,PHC001,58,3
2026-08-19,PHC001,68,4
2026-08-20,PHC001,73,4
2026-08-21,PHC001,67,4
2026-08-22,PHC001,63,3
2026-08-23,PHC001,44,2
2026-08-24,PHC001,78,4
2026-08-25,PHC001,71,4
2026-08-26,PHC001,73,4
2026-08-27,PHC001,64,3
2026-03-01,PHC002,61,3
2026-03-02,PHC002,110,6
2026-03-03,PHC002,75,4
2026-03-04,PHC002,88,5
2026-03-05,PHC002,81,4
2026-03-06,PHC002,71,4
2026-03-07,PHC002,70,4
2026-03-08,PHC002,59,3
2026-03-09,PHC002,86,5
2026-03-10,PHC002,78,4
2026-03-11,PHC002,96,5
2026-03-12,PHC002,68,4
2026-03-13,PHC002,73,4
2026-03-14,PHC002,85,5
2026-03-15,PHC002,56,3
2026-03-16,PHC002,91,5
2026-03-17,PHC002,79,4
2026-03-18,PHC002,91,5
2026-03-19,PHC002,85,5
2026-03-20,PHC002,82,4
2026-03-21,PHC002,82,4
2026-03-22,PHC002,58,3
2026-03-23,PHC002,98,5
2026-03-24,PHC002,92,5
2026-03-25,PHC002,99,5
2026-03-26,PHC002,84,5
2026-03-27,PHC002,84,5
2026-03-28,PHC002,75,4
2026-03-29,PHC002,53,3
2026-03-30,PHC002,113,6
2026-03-31,PHC002,96,5
2026-04-01,PHC002,86,5
2026-04-02,PHC002,84,5
2026-04-03,PHC002,78,4
2026-04-04,PHC002,99,5
2026-04-05,PHC002,67,4
2026-04-06,PHC002,95,5
2026-04-07,PHC002,76,4
2026-04-08,PHC002,88,5
2026-04-09,PHC002,65,3
2026-04-10,PHC002,85,5
2026-04-11,PHC002,86,5
2026-04-12,PHC002,56,3
2026-04-13,PHC002,102,6
2026-04-14,PHC002,78,4
2026-04-15,PHC002,85,5
2026-04-16,PHC002,87,5
2026-04-17,PHC002,84,5
2026-04-18,PHC002,96,5
2026-04-19,PHC002,60,3
2026-04-20,PHC002,103,6
2026-04-21,PHC002,87,5
2026-04-22,PHC002,76,4
2026-04-23,PHC002,87,5
2026-04-24,PHC002,77,4
2026-04-25,PHC002,80,4
2026-04-26,PHC002,63,3
2026-04-27,PHC002,81,4
2026-04-28,PHC002,86,5
2026-04-29,PHC002,68,4
2026-04-30,PHC002,80,4
2026-05-01,PHC002,88,5
2026-05-02,PHC002,77,4
2026-05-03,PHC002,53,3
2026-05-04,PHC002,110,6
2026-05-05,PHC002,81,4
2026-05-06,PHC002,74,4
2026-05-07,PHC002,84,5
2026-05-08,PHC002,88,5
2026-05-09,PHC002,85,5
2026-05-10,PHC002,59,3
2026-05-11,PHC002,103,6
2026-05-12,PHC002,95,5
2026-05-13,PHC002,76,4
2026-05-14,PHC002,79,4
2026-05-15,PHC002,82,4
2026-05-16,PHC002,76,4
2026-05-17,PHC002,54,3
2026-05-18,PHC002,93,5
2026-05-19,PHC002,73,4
2026-05-20,PHC002,83,4
2026-05-21,PHC002,84,5
2026-05-22,PHC002,79,4
2026-05-23,PHC002,72,4
2026-05-24,PHC002,50,3
2026-05-25,PHC002,101,6
2026-05-26,PHC002,76,4
2026-05-27,PHC002,76,4
2026-05-28,PHC002,65,3
2026-05-29,PHC002,81,4
2026-05-30,PHC002,74,4
2026-05-31,PHC002,53,3
2026-06-01,PHC002,87,5
2026-06-02,PHC002,73,4
2026-06-03,PHC002,71,4
2026-06-04,PHC002,69,4
2026-06-05,PHC002,63,3
2026-06-06,PHC002,82,4
2026-06-07,PHC002,51,3
2026-06-08,PHC002,91,5
2026-06-09,PHC002,78,4
2026-06-10,PHC002,73,4
2026-06-11,PHC002,75,4
2026-06-12,PHC002,82,4
2026-06-13,PHC002,80,4
2026-06-14,PHC002,48,2
2026-06-15,PHC002,90,5
2026-06-16,PHC002,67,4
2026-06-17,PHC002,66,3
2026-06-18,PHC002,70,4
2026-06-19,PHC002,68,4
2026-06-20,PHC002,65,3
2026-06-21,PHC002,44,2
2026-06-22,PHC002,104,6
2026-06-23,PHC002,77,4
2026-06-24,PHC002,67,4
2026-06-25,PHC002,62,3
2026-06-26,PHC002,69,4
2026-06-27,PHC002,70,4
2026-06-28,PHC002,42,2
2026-06-29,PHC002,88,5
2026-06-30,PHC002,73,4
2026-07-01,PHC002,71,4
2026-07-02,PHC002,67,4
2026-07-03,PHC002,74,4
2026-07-04,PHC002,72,4
2026-07-05,PHC002,44,2
2026-07-06,PHC002,85,5
2026-07-07,PHC002,70,4
2026-07-08,PHC002,67,4
2026-07-09,PHC002,66,3
2026-07-10,PHC002,62,3
2026-07-11,PHC002,64,3
2026-07-12,PHC002,48,2
2026-07-13,PHC002,93,5
2026-07-14,PHC002,72,4
2026-07-15,PHC002,72,4
2026-07-16,PHC002,71,4
2026-07-17,PHC002,67,4
2026-07-18,PHC002,62,3
2026-07-19,PHC002,53,3
2026-07-20,PHC002,86,5
2026-07-21,PHC002,70,4
2026-07-22,PHC002,73,4
2026-07-23,PHC002,70,4
2026-07-24,PHC002,64,3
2026-07-25,PHC002,72,4
2026-07-26,PHC002,47,2
2026-07-27,PHC002,85,5
2026-07-28,PHC002,64,3
2026-07-29,PHC002,67,4
2026-07-30,PHC002,70,4
2026-07-31,PHC002,71,4
2026-08-01,PHC002,78,4
2026-08-02,PHC002,53,3
2026-08-03,PHC002,88,5
2026-08-04,PHC002,76,4
2026-08-05,PHC002,67,4
2026-08-06,PHC002,69,4
2026-08-07,PHC002,66,3
2026-08-08,PHC002,70,4
2026-08-09,PHC002,42,2
2026-08-10,PHC002,86,5
2026-08-11,PHC002,69,4
2026-08-12,PHC002,75,4
2026-08-13,PHC002,64,3
2026-08-14,PHC002,79,4
2026-08-15,PHC002,73,4
2026-08-16,PHC002,47,2
2026-08-17,PHC002,100,6
2026-08-18,PHC002,77,4
2026-08-19,PHC002,79,4
2026-08-20,PHC002,75,4
2026-08-21,PHC002,75,4
2026-08-22,PHC002,83,4
2026-08-23,PHC002,59,3
2026-08-24,PHC002,84,5
2026-08-25,PHC002,73,4
2026-08-26,PHC002,76,4
2026-08-27,PHC002,66,3
2026-03-01,PHC003,56,3
2026-03-02,PHC003,105,6
2026-03-03,PHC003,72,4
2026-03-04,PHC003,76,4
2026-03-05,PHC003,70,4
2026-03-06,PHC003,81,4
2026-03-07,PHC003,82,4
2026-03-08,PHC003,58,3
2026-03-09,PHC003,118,6
2026-03-10,PHC003,74,4
2026-03-11,PHC003,76,4
2026-03-12,PHC003,81,4
2026-03-13,PHC003,94,5
2026-03-14,PHC003,74,4
2026-03-15,PHC003,60,3
2026-03-16,PHC003,103,6
2026-03-17,PHC003,86,5
2026-03-18,PHC003,68,4
2026-03-19,PHC003,89,5
2026-03-20,PHC003,81,4
2026-03-21,PHC003,83,4
2026-03-22,PHC003,63,3
2026-03-23,PHC003,103,6
2026-03-24,PHC003,75,4
2026-03-25,PHC003,81,4
2026-03-26,PHC003,93,5
2026-03-27,PHC003,85,5
2026-03-28,PHC003,77,4
2026-03-29,PHC003,75,4
2026-03-30,PHC003,94,5
2026-03-31,PHC003,88,5
2026-04-01,PHC003,84,5
2026-04-02,PHC003,91,5
2026-04-03,PHC003,79,4
2026-04-04,PHC003,87,5
2026-04-05,PHC003,57,3
2026-04-06,PHC003,107,6
2026-04-07,PHC003,94,5
2026-04-08,PHC003,91,5
2026-04-09,PHC003,85,5
2026-04-10,PHC003,76,4
2026-04-11,PHC003,84,5
2026-04-12,PHC003,58,3
2026-04-13,PHC003,84,5
2026-04-14,PHC003,89,5
2026-04-15,PHC003,89,5
2026-04-16,PHC003,84,5
2026-04-17,PHC003,77,4
2026-04-18,PHC003,84,5
2026-04-19,PHC003,54,3
2026-04-20,PHC003,106,6
2026-04-21,PHC003,90,5
2026-04-22,PHC003,76,4
2026-04-23,PHC003,88,5
2026-04-24,PHC003,83,4
2026-04-25,PHC003,80,4
2026-04-26,PHC003,68,4
2026-04-27,PHC003,105,6
2026-04-28,PHC003,95,5
2026-04-29,PHC003,83,4
2026-04-30,PHC003,78,4
2026-05-01,PHC003,91,5
2026-05-02,PHC003,80,4
2026-05-03,PHC003,58,3
2026-05-04,PHC003,115,6
2026-05-05,PHC003,87,5
2026-05-06,PHC003,92,5
2026-05-07,PHC003,77,4
2026-05-08,PHC003,82,4
2026-05-09,PHC003,92,5
2026-05-10,PHC003,55,3
2026-05-11,PHC003,101,6
2026-05-12,PHC003,82,4
2026-05-13,PHC003,86,5
2026-05-14,PHC003,81,4
2026-05-15,PHC003,96,5
2026-05-16,PHC003,79,4
2026-05-17,PHC003,61,3
2026-05-18,PHC003,98,5
2026-05-19,PHC003,87,5
2026-05-20,PHC003,77,4
2026-05-21,PHC003,70,4
2026-05-22,PHC003,85,5
2026-05-23,PHC003,88,5
2026-05-24,PHC003,55,3
2026-05-25,PHC003,87,5
2026-05-26,PHC003,84,5
2026-05-27,PHC003,76,4
2026-05-28,PHC003,77,4
2026-05-29,PHC003,84,5
2026-05-30,PHC003,79,4
2026-05-31,PHC003,57,3
2026-06-01,PHC003,94,5
2026-06-02,PHC003,77,4
2026-06-03,PHC003,83,4
2026-06-04,PHC003,75,4
2026-06-05,PHC003,79,4
2026-06-06,PHC003,78,4
2026-06-07,PHC003,56,3
2026-06-08,PHC003,96,5
2026-06-09,PHC003,76,4
2026-06-10,PHC003,85,5
2026-06-11,PHC003,77,4
2026-06-12,PHC003,76,4
2026-06-13,PHC003,65,3
2026-06-14,PHC003,49,2
2026-06-15,PHC003,109,6
2026-06-16,PHC003,81,4
2026-06-17,PHC003,72,4
2026-06-18,PHC003,75,4
2026-06-19,PHC003,69,4
2026-06-20,PHC003,68,4
2026-06-21,PHC003,47,2
2026-06-22,PHC003,86,5
2026-06-23,PHC003,67,4
2026-06-24,PHC003,76,4
2026-06-25,PHC003,73,4
2026-06-26,PHC003,78,4
2026-06-27,PHC003,73,4
2026-06-28,PHC003,51,3
2026-06-29,PHC003,91,5
2026-06-30,PHC003,76,4
2026-07-01,PHC003,66,3
2026-07-02,PHC003,76,4
2026-07-03,PHC003,71,4
2026-07-04,PHC003,59,3
2026-07-05,PHC003,49,2
2026-07-06,PHC003,73,4
2026-07-07,PHC003,64,3
2026-07-08,PHC003,56,3
2026-07-09,PHC003,63,3
2026-07-10,PHC003,68,4
2026-07-11,PHC003,65,3
2026-07-12,PHC003,52,3
2026-07-13,PHC003,85,5
2026-07-14,PHC003,67,4
2026-07-15,PHC003,68,4
2026-07-16,PHC003,71,4
2026-07-17,PHC003,63,3
2026-07-18,PHC003,77,4
2026-07-19,PHC003,53,3
2026-07-20,PHC003,80,4
2026-07-21,PHC003,68,4
2026-07-22,PHC003,161,6
2026-07-23,PHC003,139,6
2026-07-24,PHC003,131,6
2026-07-25,PHC003,168,6
2026-07-26,PHC003,106,6
2026-07-27,PHC003,192,6
2026-07-28,PHC003,152,6
2026-07-29,PHC003,172,6
2026-07-30,PHC003,61,3
2026-07-31,PHC003,69,4
2026-08-01,PHC003,67,4
2026-08-02,PHC003,44,2
2026-08-03,PHC003,76,4
2026-08-04,PHC003,66,3
2026-08-05,PHC003,74,4
2026-08-06,PHC003,84,5
2026-08-07,PHC003,76,4
2026-08-08,PHC003,73,4
2026-08-09,PHC003,52,3
2026-08-10,PHC003,92,5
2026-08-11,PHC003,78,4
2026-08-12,PHC003,76,4
2026-08-13,PHC003,78,4
2026-08-14,PHC003,72,4
2026-08-15,PHC003,74,4
2026-08-16,PHC003,50,3
2026-08-17,PHC003,92,5
2026-08-18,PHC003,84,5
2026-08-19,PHC003,72,4
2026-08-20,PHC003,89,5
2026-08-21,PHC003,89,5
2026-08-22,PHC003,80,4
2026-08-23,PHC003,56,3
2026-08-24,PHC003,103,6
2026-08-25,PHC003,83,4
2026-08-26,PHC003,69,4
2026-08-27,PHC003,73,4
2026-03-01,PHC004,50,3
2026-03-02,PHC004,86,4
2026-03-03,PHC004,73,4
2026-03-04,PHC004,60,3
2026-03-05,PHC004,66,3
2026-03-06,PHC004,71,4
2026-03-07,PHC004,72,4
2026-03-08,PHC004,55,3
2026-03-09,PHC004,89,4
2026-03-10,PHC004,85,4
2026-03-11,PHC004,66,3
2026-03-12,PHC004,86,4
2026-03-13,PHC004,70,4
2026-03-14,PHC004,69,4
2026-03-15,PHC004,50,3
2026-03-16,PHC004,90,4
2026-03-17,PHC004,74,4
2026-03-18,PHC004,74,4
2026-03-19,PHC004,79,4
2026-03-20,PHC004,82,4
2026-03-21,PHC004,70,4
2026-03-22,PHC004,59,3
2026-03-23,PHC004,99,4
2026-03-24,PHC004,78,4
2026-03-25,PHC004,83,4
2026-03-26,PHC004,77,4
2026-03-27,PHC004,87,4
2026-03-28,PHC004,71,4
2026-03-29,PHC004,60,3
2026-03-30,PHC004,95,4
2026-03-31,PHC004,83,4
2026-04-01,PHC004,76,4
2026-04-02,PHC004,90,4
2026-04-03,PHC004,82,4
2026-04-04,PHC004,84,4
2026-04-05,PHC004,51,3
2026-04-06,PHC004,87,4
2026-04-07,PHC004,81,4
2026-04-08,PHC004,89,4
2026-04-09,PHC004,81,4
2026-04-10,PHC004,70,4
2026-04-11,PHC004,91,4
2026-04-12,PHC004,53,3
2026-04-13,PHC004,106,4
2026-04-14,PHC004,74,4
2026-04-15,PHC004,75,4
2026-04-16,PHC004,82,4
2026-04-17,PHC004,63,3
2026-04-18,PHC004,73,4
2026-04-19,PHC004,54,3
2026-04-20,PHC004,96,4
2026-04-21,PHC004,69,4
2026-04-22,PHC004,86,4
2026-04-23,PHC004,78,4
2026-04-24,PHC004,78,4
2026-04-25,PHC004,67,4
2026-04-26,PHC004,55,3
2026-04-27,PHC004,104,4
2026-04-28,PHC004,84,4
2026-04-29,PHC004,82,4
2026-04-30,PHC004,78,4
2026-05-01,PHC004,77,4
2026-05-02,PHC004,79,4
2026-05-03,PHC004,57,3
2026-05-04,PHC004,96,4
2026-05-05,PHC004,76,4
2026-05-06,PHC004,80,4
2026-05-07,PHC004,167,4
2026-05-08,PHC004,174,4
2026-05-09,PHC004,172,4
2026-05-10,PHC004,110,4
2026-05-11,PHC004,237,4
2026-05-12,PHC004,177,4
2026-05-13,PHC004,156,4
2026-05-14,PHC004,155,4
2026-05-15,PHC004,160,4
2026-05-16,PHC004,72,4
2026-05-17,PHC004,48,2
2026-05-18,PHC004,95,4
2026-05-19,PHC004,73,4
2026-05-20,PHC004,69,4
2026-05-21,PHC004,83,4
2026-05-22,PHC004,72,4
2026-05-23,PHC004,76,4
2026-05-24,PHC004,46,2
2026-05-25,PHC004,83,4
2026-05-26,PHC004,67,4
2026-05-27,PHC004,78,4
2026-05-28,PHC004,77,4
2026-05-29,PHC004,71,4
2026-05-30,PHC004,70,4
2026-05-31,PHC004,51,3
2026-06-01,PHC004,83,4
2026-06-02,PHC004,70,4
2026-06-03,PHC004,76,4
2026-06-04,PHC004,65,3
2026-06-05,PHC004,74,4
2026-06-06,PHC004,69,4
2026-06-07,PHC004,49,2
2026-06-08,PHC004,86,4
2026-06-09,PHC004,74,4
2026-06-10,PHC004,74,4
2026-06-11,PHC004,72,4
2026-06-12,PHC004,60,3
2026-06-13,PHC004,69,4
2026-06-14,PHC004,52,3
2026-06-15,PHC004,78,4
2026-06-16,PHC004,59,3
2026-06-17,PHC004,66,3
2026-06-18,PHC004,72,4
2026-06-19,PHC004,60,3
2026-06-20,PHC004,69,4
2026-06-21,PHC004,46,2
2026-06-22,PHC004,83,4
2026-06-23,PHC004,69,4
2026-06-24,PHC004,65,3
2026-06-25,PHC004,63,3
2026-06-26,PHC004,67,4
2026-06-27,PHC004,74,4
2026-06-28,PHC004,48,2
2026-06-29,PHC004,87,4
2026-06-30,PHC004,61,3
2026-07-01,PHC004,63,3
2026-07-02,PHC004,58,3
2026-07-03,PHC004,70,4
2026-07-04,PHC004,70,4
2026-07-05,PHC004,47,2
2026-07-06,PHC004,86,4
2026-07-07,PHC004,63,3
2026-07-08,PHC004,63,3
2026-07-09,PHC004,71,4
2026-07-10,PHC004,63,3
2026-07-11,PHC004,70,4
2026-07-12,PHC004,51,3
2026-07-13,PHC004,74,4
2026-07-14,PHC004,60,3
2026-07-15,PHC004,73,4
2026-07-16,PHC004,70,4
2026-07-17,PHC004,161,4
2026-07-18,PHC004,162,4
2026-07-19,PHC004,98,4
2026-07-20,PHC004,208,4
2026-07-21,PHC004,159,4
2026-07-22,PHC004,156,4
2026-07-23,PHC004,148,4
2026-07-24,PHC004,63,3
2026-07-25,PHC004,61,3
2026-07-26,PHC004,40,2
2026-07-27,PHC004,77,4
2026-07-28,PHC004,62,3
2026-07-29,PHC004,67,4
2026-07-30,PHC004,62,3
2026-07-31,PHC004,57,3
2026-08-01,PHC004,67,4
2026-08-02,PHC004,39,2
2026-08-03,PHC004,81,4
2026-08-04,PHC004,70,4
2026-08-05,PHC004,59,3
2026-08-06,PHC004,61,3
2026-08-07,PHC004,67,4
2026-08-08,PHC004,75,4
2026-08-09,PHC004,47,2
2026-08-10,PHC004,82,4
2026-08-11,PHC004,69,4
2026-08-12,PHC004,59,3
2026-08-13,PHC004,60,3
2026-08-14,PHC004,72,4
2026-08-15,PHC004,73,4
2026-08-16,PHC004,51,3
2026-08-17,PHC004,88,4
2026-08-18,PHC004,72,4
2026-08-19,PHC004,60,3
2026-08-20,PHC004,64,3
2026-08-21,PHC004,68,4
2026-08-22,PHC004,76,4
2026-08-23,PHC004,50,3
2026-08-24,PHC004,89,4
2026-08-25,PHC004,65,3
2026-08-26,PHC004,72,4
2026-08-27,PHC004,74,4
2026-03-01,PHC005,47,2
2026-03-02,PHC005,92,4
2026-03-03,PHC005,72,4
2026-03-04,PHC005,64,3
2026-03-05,PHC005,73,4
2026-03-06,PHC005,66,3
2026-03-07,PHC005,71,4
2026-03-08,PHC005,51,3
2026-03-09,PHC005,93,4
2026-03-10,PHC005,64,3
2026-03-11,PHC005,71,4
2026-03-12,PHC005,64,3
2026-03-13,PHC005,69,4
2026-03-14,PHC005,68,4
2026-03-15,PHC005,52,3
2026-03-16,PHC005,101,4
2026-03-17,PHC005,87,4
2026-03-18,PHC005,83,4
2026-03-19,PHC005,71,4
2026-03-20,PHC005,72,4
2026-03-21,PHC005,83,4
2026-03-22,PHC005,59,3
2026-03-23,PHC005,92,4
2026-03-24,PHC005,72,4
2026-03-25,PHC005,80,4
2026-03-26,PHC005,71,4
2026-03-27,PHC005,72,4
2026-03-28,PHC005,75,4
2026-03-29,PHC005,52,3
2026-03-30,PHC005,89,4
2026-03-31,PHC005,79,4
2026-04-01,PHC005,79,4
2026-04-02,PHC005,73,4
2026-04-03,PHC005,77,4
2026-04-04,PHC005,66,3
2026-04-05,PHC005,60,3
2026-04-06,PHC005,91,4
2026-04-07,PHC005,77,4
2026-04-08,PHC005,75,4
2026-04-09,PHC005,79,4
2026-04-10,PHC005,79,4
2026-04-11,PHC005,75,4
2026-04-12,PHC005,53,3
2026-04-13,PHC005,107,4
2026-04-14,PHC005,79,4
2026-04-15,PHC005,85,4
2026-04-16,PHC005,69,4
2026-04-17,PHC005,89,4
2026-04-18,PHC005,80,4
2026-04-19,PHC005,54,3
2026-04-20,PHC005,89,4
2026-04-21,PHC005,78,4
2026-04-22,PHC005,81,4
2026-04-23,PHC005,73,4
2026-04-24,PHC005,86,4
2026-04-25,PHC005,76,4
2026-04-26,PHC005,55,3
2026-04-27,PHC005,108,4
2026-04-28,PHC005,63,3
2026-04-29,PHC005,77,4
2026-04-30,PHC005,72,4
2026-05-01,PHC005,80,4
2026-05-02,PHC005,71,4
2026-05-03,PHC005,57,3
2026-05-04,PHC005,94,4
2026-05-05,PHC005,73,4
2026-05-06,PHC005,87,4
2026-05-07,PHC005,69,4
2026-05-08,PHC005,76,4
2026-05-09,PHC005,66,3
2026-05-10,PHC005,46,2
2026-05-11,PHC005,78,4
2026-05-12,PHC005,81,4
2026-05-13,PHC005,72,4
2026-05-14,PHC005,71,4
2026-05-15,PHC005,72,4
2026-05-16,PHC005,68,4
2026-05-17,PHC005,51,3
2026-05-18,PHC005,91,4
2026-05-19,PHC005,75,4
2026-05-20,PHC005,74,4
2026-05-21,PHC005,68,4
2026-05-22,PHC005,74,4
2026-05-23,PHC005,74,4
2026-05-24,PHC005,47,2
2026-05-25,PHC005,78,4
2026-05-26,PHC005,77,4
2026-05-27,PHC005,75,4
2026-05-28,PHC005,69,4
2026-05-29,PHC005,65,3
2026-05-30,PHC005,79,4
2026-05-31,PHC005,52,3
2026-06-01,PHC005,80,4
2026-06-02,PHC005,76,4
2026-06-03,PHC005,56,3
2026-06-04,PHC005,74,4
2026-06-05,PHC005,74,4
2026-06-06,PHC005,70,4
2026-06-07,PHC005,43,2
2026-06-08,PHC005,79,4
2026-06-09,PHC005,67,4
2026-06-10,PHC005,66,3
2026-06-11,PHC005,59,3
2026-06-12,PHC005,64,3
2026-06-13,PHC005,66,3
2026-06-14,PHC005,46,2
2026-06-15,PHC005,79,4
2026-06-16,PHC005,74,4
2026-06-17,PHC005,70,4
2026-06-18,PHC005,61,3
2026-06-19,PHC005,63,3
2026-06-20,PHC005,62,3
2026-06-21,PHC005,40,2
2026-06-22,PHC005,69,4
2026-06-23,PHC005,59,3
2026-06-24,PHC005,71,4
2026-06-25,PHC005,67,4
2026-06-26,PHC005,74,4
2026-06-27,PHC005,70,4
2026-06-28,PHC005,49,2
2026-06-29,PHC005,65,3
2026-06-30,PHC005,66,3
2026-07-01,PHC005,69,4
2026-07-02,PHC005,67,4
2026-07-03,PHC005,65,3
2026-07-04,PHC005,59,3
2026-07-05,PHC005,42,2
2026-07-06,PHC005,94,4
2026-07-07,PHC005,74,4
2026-07-08,PHC005,63,3
2026-07-09,PHC005,55,3
2026-07-10,PHC005,56,3
2026-07-11,PHC005,61,3
2026-07-12,PHC005,42,2
2026-07-13,PHC005,70,4
2026-07-14,PHC005,57,3
2026-07-15,PHC005,60,3
2026-07-16,PHC005,54,3
2026-07-17,PHC005,73,4
2026-07-18,PHC005,62,3
2026-07-19,PHC005,53,3
2026-07-20,PHC005,75,4
2026-07-21,PHC005,68,4
2026-07-22,PHC005,66,3
2026-07-23,PHC005,60,3
2026-07-24,PHC005,61,3
2026-07-25,PHC005,61,3
2026-07-26,PHC005,45,2
2026-07-27,PHC005,77,4
2026-07-28,PHC005,66,3
2026-07-29,PHC005,60,3
2026-07-30,PHC005,61,3
2026-07-31,PHC005,73,4
2026-08-01,PHC005,64,3
2026-08-02,PHC005,49,2
2026-08-03,PHC005,90,4
2026-08-04,PHC005,61,3
2026-08-05,PHC005,72,4
2026-08-06,PHC005,67,4
2026-08-07,PHC005,62,3
2026-08-08,PHC005,65,3
2026-08-09,PHC005,50,3
2026-08-10,PHC005,92,4
2026-08-11,PHC005,70,4
2026-08-12,PHC005,72,4
2026-08-13,PHC005,69,4
2026-08-14,PHC005,68,4
2026-08-15,PHC005,69,4
2026-08-16,PHC005,39,2
2026-08-17,PHC005,74,4
2026-08-18,PHC005,67,4
2026-08-19,PHC005,65,3
2026-08-20,PHC005,68,4
2026-08-21,PHC005,69,4
2026-08-22,PHC005,77,4
2026-08-23,PHC005,48,2
2026-08-24,PHC005,97,4
2026-08-25,PHC005,66,3
2026-08-26,PHC005,72,4
2026-08-27,PHC005,63,3
2026-03-01,PHC006,43,2
2026-03-02,PHC006,63,3
2026-03-03,PHC006,56,3
2026-03-04,PHC006,57,3
2026-03-05,PHC006,57,3
2026-03-06,PHC006,60,3
2026-03-07,PHC006,62,3
2026-03-08,PHC006,41,2
2026-03-09,PHC006,64,3
2026-03-10,PHC006,60,3
2026-03-11,PHC006,62,3
2026-03-12,PHC006,58,3
2026-03-13,PHC006,60,3
2026-03-14,PHC006,59,3
2026-03-15,PHC006,39,2
2026-03-16,PHC006,74,4
2026-03-17,PHC006,61,3
2026-03-18,PHC006,64,3
2026-03-19,PHC006,51,3
2026-03-20,PHC006,56,3
2026-03-21,PHC006,60,3
2026-03-22,PHC006,42,2
2026-03-23,PHC006,82,4
2026-03-24,PHC006,67,4
2026-03-25,PHC006,69,4
2026-03-26,PHC006,69,4
2026-03-27,PHC006,58,3
2026-03-28,PHC006,54,3
2026-03-29,PHC006,44,2
2026-03-30,PHC006,72,4
2026-03-31,PHC006,62,3
2026-04-01,PHC006,61,3
2026-04-02,PHC006,62,3
2026-04-03,PHC006,62,3
2026-04-04,PHC006,62,3
2026-04-05,PHC006,42,2
2026-04-06,PHC006,79,4
2026-04-07,PHC006,65,3
2026-04-08,PHC006,67,4
2026-04-09,PHC006,62,3
2026-04-10,PHC006,64,3
2026-04-11,PHC006,57,3
2026-04-12,PHC006,42,2
2026-04-13,PHC006,92,4
2026-04-14,PHC006,62,3
2026-04-15,PHC006,64,3
2026-04-16,PHC006,64,3
2026-04-17,PHC006,60,3
2026-04-18,PHC006,57,3
2026-04-19,PHC006,48,2
2026-04-20,PHC006,84,4
2026-04-21,PHC006,63,3
2026-04-22,PHC006,65,3
2026-04-23,PHC006,70,4
2026-04-24,PHC006,58,3
2026-04-25,PHC006,61,3
2026-04-26,PHC006,35,2
2026-04-27,PHC006,74,4
2026-04-28,PHC006,56,3
2026-04-29,PHC006,61,3
2026-04-30,PHC006,59,3
2026-05-01,PHC006,70,4
2026-05-02,PHC006,61,3
2026-05-03,PHC006,43,2
2026-05-04,PHC006,77,4
2026-05-05,PHC006,59,3
2026-05-06,PHC006,71,4
2026-05-07,PHC006,60,3
2026-05-08,PHC006,62,3
2026-05-09,PHC006,61,3
2026-05-10,PHC006,42,2
2026-05-11,PHC006,72,4
2026-05-12,PHC006,63,3
2026-05-13,PHC006,66,3
2026-05-14,PHC006,48,2
2026-05-15,PHC006,61,3
2026-05-16,PHC006,55,3
2026-05-17,PHC006,43,2
2026-05-18,PHC006,81,4
2026-05-19,PHC006,60,3
2026-05-20,PHC006,59,3
2026-05-21,PHC006,65,3
2026-05-22,PHC006,55,3
2026-05-23,PHC006,73,4
2026-05-24,PHC006,48,2
2026-05-25,PHC006,78,4
2026-05-26,PHC006,60,3
2026-05-27,PHC006,56,3
2026-05-28,PHC006,54,3
2026-05-29,PHC006,53,3
2026-05-30,PHC006,59,3
2026-05-31,PHC006,38,2
2026-06-01,PHC006,73,4
2026-06-02,PHC006,59,3
2026-06-03,PHC006,47,2
2026-06-04,PHC006,54,3
2026-06-05,PHC006,58,3
2026-06-06,PHC006,58,3
2026-06-07,PHC006,46,2
2026-06-08,PHC006,77,4
2026-06-09,PHC006,53,3
2026-06-10,PHC006,61,3
2026-06-11,PHC006,55,3
2026-06-12,PHC006,54,3
2026-06-13,PHC006,58,3
2026-06-14,PHC006,42,2
2026-06-15,PHC006,77,4
2026-06-16,PHC006,60,3
2026-06-17,PHC006,53,3
2026-06-18,PHC006,47,2
2026-06-19,PHC006,55,3
2026-06-20,PHC006,51,3
2026-06-21,PHC006,41,2
2026-06-22,PHC006,66,3
2026-06-23,PHC006,54,3
2026-06-24,PHC006,50,3
2026-06-25,PHC006,57,3
2026-06-26,PHC006,60,3
2026-06-27,PHC006,57,3
2026-06-28,PHC006,34,2
2026-06-29,PHC006,65,3
2026-06-30,PHC006,59,3
2026-07-01,PHC006,52,3
2026-07-02,PHC006,53,3
2026-07-03,PHC006,50,3
2026-07-04,PHC006,53,3
2026-07-05,PHC006,35,2
2026-07-06,PHC006,65,3
2026-07-07,PHC006,55,3
2026-07-08,PHC006,52,3
2026-07-09,PHC006,52,3
2026-07-10,PHC006,51,3
2026-07-11,PHC006,56,3
2026-07-12,PHC006,35,2
2026-07-13,PHC006,68,4
2026-07-14,PHC006,50,3
2026-07-15,PHC006,53,3
2026-07-16,PHC006,59,3
2026-07-17,PHC006,55,3
2026-07-18,PHC006,42,2
2026-07-19,PHC006,35,2
2026-07-20,PHC006,61,3
2026-07-21,PHC006,55,3
2026-07-22,PHC006,50,3
2026-07-23,PHC006,59,3
2026-07-24,PHC006,47,2
2026-07-25,PHC006,56,3
2026-07-26,PHC006,37,2
2026-07-27,PHC006,62,3
2026-07-28,PHC006,53,3
2026-07-29,PHC006,54,3
2026-07-30,PHC006,55,3
2026-07-31,PHC006,53,3
2026-08-01,PHC006,55,3
2026-08-02,PHC006,40,2
2026-08-03,PHC006,75,4
2026-08-04,PHC006,57,3
2026-08-05,PHC006,46,2
2026-08-06,PHC006,48,2
2026-08-07,PHC006,55,3
2026-08-08,PHC006,62,3
2026-08-09,PHC006,38,2
2026-08-10,PHC006,67,4
2026-08-11,PHC006,60,3
2026-08-12,PHC006,63,3
2026-08-13,PHC006,55,3
2026-08-14,PHC006,56,3
2026-08-15,PHC006,58,3
2026-08-16,PHC006,41,2
2026-08-17,PHC006,69,4
2026-08-18,PHC006,55,3
2026-08-19,PHC006,50,3
2026-08-20,PHC006,52,3
2026-08-21,PHC006,55,3
2026-08-22,PHC006,51,3
2026-08-23,PHC006,39,2
2026-08-24,PHC006,88,4
2026-08-25,PHC006,57,3
2026-08-26,PHC006,59,3
2026-08-27,PHC006,63,3
2026-03-01,PHC007,42,2
2026-03-02,PHC007,68,4
2026-03-03,PHC007,59,3
2026-03-04,PHC007,59,3
2026-03-05,PHC007,68,4
2026-03-06,PHC007,62,3
2026-03-07,PHC007,69,4
2026-03-08,PHC007,47,2
2026-03-09,PHC007,77,4
2026-03-10,PHC007,61,3
2026-03-11,PHC007,57,3
2026-03-12,PHC007,61,3
2026-03-13,PHC007,63,3
2026-03-14,PHC007,59,3
2026-03-15,PHC007,42,2
2026-03-16,PHC007,80,4
2026-03-17,PHC007,60,3
2026-03-18,PHC007,59,3
2026-03-19,PHC007,68,4
2026-03-20,PHC007,63,3
2026-03-21,PHC007,58,3
2026-03-22,PHC007,42,2
2026-03-23,PHC007,88,4
2026-03-24,PHC007,61,3
2026-03-25,PHC007,62,3
2026-03-26,PHC007,76,4
2026-03-27,PHC007,62,3
2026-03-28,PHC007,61,3
2026-03-29,PHC007,48,2
2026-03-30,PHC007,78,4
2026-03-31,PHC007,70,4
2026-04-01,PHC007,55,3
2026-04-02,PHC007,76,4
2026-04-03,PHC007,73,4
2026-04-04,PHC007,67,4
2026-04-05,PHC007,43,2
2026-04-06,PHC007,82,4
2026-04-07,PHC007,67,4
2026-04-08,PHC007,70,4
2026-04-09,PHC007,61,3
2026-04-10,PHC007,57,3
2026-04-11,PHC007,67,4
2026-04-12,PHC007,52,3
2026-04-13,PHC007,79,4
2026-04-14,PHC007,69,4
2026-04-15,PHC007,69,4
2026-04-16,PHC007,59,3
2026-04-17,PHC007,60,3
2026-04-18,PHC007,59,3
2026-04-19,PHC007,49,2
2026-04-20,PHC007,76,4
2026-04-21,PHC007,56,3
2026-04-22,PHC007,71,4
2026-04-23,PHC007,66,3
2026-04-24,PHC007,67,4
2026-04-25,PHC007,61,3
2026-04-26,PHC007,47,2
2026-04-27,PHC007,76,4
2026-04-28,PHC007,69,4
2026-04-29,PHC007,67,4
2026-04-30,PHC007,69,4
2026-05-01,PHC007,72,4
2026-05-02,PHC007,66,3
2026-05-03,PHC007,46,2
2026-05-04,PHC007,83,4
2026-05-05,PHC007,62,3
2026-05-06,PHC007,63,3
2026-05-07,PHC007,65,3
2026-05-08,PHC007,67,4
2026-05-09,PHC007,64,3
2026-05-10,PHC007,38,2
2026-05-11,PHC007,83,4
2026-05-12,PHC007,67,4
2026-05-13,PHC007,65,3
2026-05-14,PHC007,59,3
2026-05-15,PHC007,65,3
2026-05-16,PHC007,54,3
2026-05-17,PHC007,101,4
2026-05-18,PHC007,193,4
2026-05-19,PHC007,133,4
2026-05-20,PHC007,119,4
2026-05-21,PHC007,133,4
2026-05-22,PHC007,139,4
2026-05-23,PHC007,131,4
2026-05-24,PHC007,86,4
2026-05-25,PHC007,182,4
2026-05-26,PHC007,133,4
2026-05-27,PHC007,138,4
2026-05-28,PHC007,64,3
2026-05-29,PHC007,61,3
2026-05-30,PHC007,65,3
2026-05-31,PHC007,44,2
2026-06-01,PHC007,68,4
2026-06-02,PHC007,58,3
2026-06-03,PHC007,54,3
2026-06-04,PHC007,60,3
2026-06-05,PHC007,51,3
2026-06-06,PHC007,58,3
2026-06-07,PHC007,43,2
2026-06-08,PHC007,70,4
2026-06-09,PHC007,56,3
2026-06-10,PHC007,51,3
2026-06-11,PHC007,64,3
2026-06-12,PHC007,62,3
2026-06-13,PHC007,59,3
2026-06-14,PHC007,33,1
2026-06-15,PHC007,70,4
2026-06-16,PHC007,51,3
2026-06-17,PHC007,55,3
2026-06-18,PHC007,54,3
2026-06-19,PHC007,49,2
2026-06-20,PHC007,62,3
2026-06-21,PHC007,41,2
2026-06-22,PHC007,74,4
2026-06-23,PHC007,60,3
2026-06-24,PHC007,51,3
2026-06-25,PHC007,55,3
2026-06-26,PHC007,51,3
2026-06-27,PHC007,56,3
2026-06-28,PHC007,41,2
2026-06-29,PHC007,64,3
2026-06-30,PHC007,55,3
2026-07-01,PHC007,60,3
2026-07-02,PHC007,55,3
2026-07-03,PHC007,52,3
2026-07-04,PHC007,49,2
2026-07-05,PHC007,35,2
2026-07-06,PHC007,68,4
2026-07-07,PHC007,48,2
2026-07-08,PHC007,46,2
2026-07-09,PHC007,56,3
2026-07-10,PHC007,62,3
2026-07-11,PHC007,54,3
2026-07-12,PHC007,38,2
2026-07-13,PHC007,60,3
2026-07-14,PHC007,55,3
2026-07-15,PHC007,45,2
2026-07-16,PHC007,49,2
2026-07-17,PHC007,54,3
2026-07-18,PHC007,54,3
2026-07-19,PHC007,32,1
2026-07-20,PHC007,76,4
2026-07-21,PHC007,49,2
2026-07-22,PHC007,62,3
2026-07-23,PHC007,47,2
2026-07-24,PHC007,57,3
2026-07-25,PHC007,60,3
2026-07-26,PHC007,38,2
2026-07-27,PHC007,61,3
2026-07-28,PHC007,62,3
2026-07-29,PHC007,54,3
2026-07-30,PHC007,57,3
2026-07-31,PHC007,59,3
2026-08-01,PHC007,46,2
2026-08-02,PHC007,34,2
2026-08-03,PHC007,61,3
2026-08-04,PHC007,53,3
2026-08-05,PHC007,55,3
2026-08-06,PHC007,55,3
2026-08-07,PHC007,59,3
2026-08-08,PHC007,56,3
2026-08-09,PHC007,34,2
2026-08-10,PHC007,71,4
2026-08-11,PHC007,53,3
2026-08-12,PHC007,57,3
2026-08-13,PHC007,49,2
2026-08-14,PHC007,54,3
2026-08-15,PHC007,61,3
2026-08-16,PHC007,44,2
2026-08-17,PHC007,67,4
2026-08-18,PHC007,62,3
2026-08-19,PHC007,55,3
2026-08-20,PHC007,57,3
2026-08-21,PHC007,56,3
2026-08-22,PHC007,62,3
2026-08-23,PHC007,33,1
2026-08-24,PHC007,61,3
2026-08-25,PHC007,63,3
2026-08-26,PHC007,55,3
2026-08-27,PHC007,63,3
2026-03-01,PHC008,45,2
2026-03-02,PHC008,98,5
2026-03-03,PHC008,75,4
2026-03-04,PHC008,76,4
2026-03-05,PHC008,69,4
2026-03-06,PHC008,66,3
2026-03-07,PHC008,70,4
2026-03-08,PHC008,44,2
2026-03-09,PHC008,88,5
2026-03-10,PHC008,63,3
2026-03-11,PHC008,76,4
2026-03-12,PHC008,85,5
2026-03-13,PHC008,78,4
2026-03-14,PHC008,77,4
2026-03-15,PHC008,48,2
2026-03-16,PHC008,86,5
2026-03-17,PHC008,74,4
2026-03-18,PHC008,75,4
2026-03-19,PHC008,75,4
2026-03-20,PHC008,85,5
2026-03-21,PHC008,73,4
2026-03-22,PHC008,47,2
2026-03-23,PHC008,90,5
2026-03-24,PHC008,82,4
2026-03-25,PHC008,85,5
2026-03-26,PHC008,74,4
2026-03-27,PHC008,81,4
2026-03-28,PHC008,75,4
2026-03-29,PHC008,53,3
2026-03-30,PHC008,103,6
2026-03-31,PHC008,76,4
2026-04-01,PHC008,72,4
2026-04-02,PHC008,80,4
2026-04-03,PHC008,81,4
2026-04-04,PHC008,87,5
2026-04-05,PHC008,57,3
2026-04-06,PHC008,96,5
2026-04-07,PHC008,70,4
2026-04-08,PHC008,82,4
2026-04-09,PHC008,78,4
2026-04-10,PHC008,73,4
2026-04-11,PHC008,80,4
2026-04-12,PHC008,53,3
2026-04-13,PHC008,98,5
2026-04-14,PHC008,79,4
2026-04-15,PHC008,77,4
2026-04-16,PHC008,81,4
2026-04-17,PHC008,79,4
2026-04-18,PHC008,75,4
2026-04-19,PHC008,56,3
2026-04-20,PHC008,84,5
2026-04-21,PHC008,74,4
2026-04-22,PHC008,84,5
2026-04-23,PHC008,77,4
2026-04-24,PHC008,73,4
2026-04-25,PHC008,74,4
2026-04-26,PHC008,54,3
2026-04-27,PHC008,101,6
2026-04-28,PHC008,79,4
2026-04-29,PHC008,74,4
2026-04-30,PHC008,76,4
2026-05-01,PHC008,80,4
2026-05-02,PHC008,74,4
2026-05-03,PHC008,50,3
2026-05-04,PHC008,102,6
2026-05-05,PHC008,88,5
2026-05-06,PHC008,65,3
2026-05-07,PHC008,87,5
2026-05-08,PHC008,83,4
2026-05-09,PHC008,79,4
2026-05-10,PHC008,52,3
2026-05-11,PHC008,103,6
2026-05-12,PHC008,81,4
2026-05-13,PHC008,77,4
2026-05-14,PHC008,79,4
2026-05-15,PHC008,72,4
2026-05-16,PHC008,76,4
2026-05-17,PHC008,51,3
2026-05-18,PHC008,103,6
2026-05-19,PHC008,76,4
2026-05-20,PHC008,81,4
2026-05-21,PHC008,71,4
2026-05-22,PHC008,60,3
2026-05-23,PHC008,72,4
2026-05-24,PHC008,53,3
2026-05-25,PHC008,88,5
2026-05-26,PHC008,73,4
2026-05-27,PHC008,63,3
2026-05-28,PHC008,66,3
2026-05-29,PHC008,75,4
2026-05-30,PHC008,55,3
2026-05-31,PHC008,39,2
2026-06-01,PHC008,83,4
2026-06-02,PHC008,65,3
2026-06-03,PHC008,77,4
2026-06-04,PHC008,75,4
2026-06-05,PHC008,76,4
2026-06-06,PHC008,72,4
2026-06-07,PHC008,45,2
2026-06-08,PHC008,85,5
2026-06-09,PHC008,72,4
2026-06-10,PHC008,59,3
2026-06-11,PHC008,77,4
2026-06-12,PHC008,60,3
2026-06-13,PHC008,72,4
2026-06-14,PHC008,43,2
2026-06-15,PHC008,83,4
2026-06-16,PHC008,65,3
2026-06-17,PHC008,63,3
2026-06-18,PHC008,66,3
2026-06-19,PHC008,56,3
2026-06-20,PHC008,77,4
2026-06-21,PHC008,45,2
2026-06-22,PHC008,90,5
2026-06-23,PHC008,73,4
2026-06-24,PHC008,64,3
2026-06-25,PHC008,68,4
2026-06-26,PHC008,61,3
2026-06-27,PHC008,55,3
2026-06-28,PHC008,47,2
2026-06-29,PHC008,80,4
2026-06-30,PHC008,64,3
2026-07-01,PHC008,65,3
2026-07-02,PHC008,64,3
2026-07-03,PHC008,64,3
2026-07-04,PHC008,61,3
2026-07-05,PHC008,44,2
2026-07-06,PHC008,88,5
2026-07-07,PHC008,64,3
2026-07-08,PHC008,68,4
2026-07-09,PHC008,62,3
2026-07-10,PHC008,68,4
2026-07-11,PHC008,69,4
2026-07-12,PHC008,41,2
2026-07-13,PHC008,90,5
2026-07-14,PHC008,61,3
2026-07-15,PHC008,66,3
2026-07-16,PHC008,64,3
2026-07-17,PHC008,56,3
2026-07-18,PHC008,55,3
2026-07-19,PHC008,39,2
2026-07-20,PHC008,81,4
2026-07-21,PHC008,57,3
2026-07-22,PHC008,64,3
2026-07-23,PHC008,54,3
2026-07-24,PHC008,60,3
2026-07-25,PHC008,123,6
2026-07-26,PHC008,87,6
2026-07-27,PHC008,184,6
2026-07-28,PHC008,157,6
2026-07-29,PHC008,145,6
2026-07-30,PHC008,153,6
2026-07-31,PHC008,138,6
2026-08-01,PHC008,154,6
2026-08-02,PHC008,40,2
2026-08-03,PHC008,161,6
2026-08-04,PHC008,149,6
2026-08-05,PHC008,149,6
2026-08-06,PHC008,142,6
2026-08-07,PHC008,161,6
2026-08-08,PHC008,160,6
2026-08-09,PHC008,46,2
2026-08-10,PHC008,78,4
2026-08-11,PHC008,59,3
2026-08-12,PHC008,58,3
2026-08-13,PHC008,69,4
2026-08-14,PHC008,65,3
2026-08-15,PHC008,62,3
2026-08-16,PHC008,43,2
2026-08-17,PHC008,90,5
2026-08-18,PHC008,55,3
2026-08-19,PHC008,64,3
2026-08-20,PHC008,78,4
2026-08-21,PHC008,70,4
2026-08-22,PHC008,62,3
2026-08-23,PHC008,47,2
2026-08-24,PHC008,80,4
2026-08-25,PHC008,68,4
2026-08-26,PHC008,74,4
2026-08-27,PHC008,63,3
2026-03-01,PHC009,58,3
2026-03-02,PHC009,103,6
2026-03-03,PHC009,89,5
2026-03-04,PHC009,97,5
2026-03-05,PHC009,100,6
2026-03-06,PHC009,94,5
2026-03-07,PHC009,76,4
2026-03-08,PHC009,61,3
2026-03-09,PHC009,111,6
2026-03-10,PHC009,88,5
2026-03-11,PHC009,90,5
2026-03-12,PHC009,78,4
2026-03-13,PHC009,82,4
2026-03-14,PHC009,90,5
2026-03-15,PHC009,59,3
2026-03-16,PHC009,123,6
2026-03-17,PHC009,96,5
2026-03-18,PHC009,90,5
2026-03-19,PHC009,83,4
2026-03-20,PHC009,83,4
2026-03-21,PHC009,90,5
2026-03-22,PHC009,67,4
2026-03-23,PHC009,112,6
2026-03-24,PHC009,82,4
2026-03-25,PHC009,86,5
2026-03-26,PHC009,83,4
2026-03-27,PHC009,97,5
2026-03-28,PHC009,92,5
2026-03-29,PHC009,62,3
2026-03-30,PHC009,114,6
2026-03-31,PHC009,88,5
2026-04-01,PHC009,88,5
2026-04-02,PHC009,79,4
2026-04-03,PHC009,87,5
2026-04-04,PHC009,92,5
2026-04-05,PHC009,68,4
2026-04-06,PHC009,115,6
2026-04-07,PHC009,87,5
2026-04-08,PHC009,101,6
2026-04-09,PHC009,103,6
2026-04-10,PHC009,85,5
2026-04-11,PHC009,82,4
2026-04-12,PHC009,65,3
2026-04-13,PHC009,115,6
2026-04-14,PHC009,82,4
2026-04-15,PHC009,96,5
2026-04-16,PHC009,82,4
2026-04-17,PHC009,98,5
2026-04-18,PHC009,96,5
2026-04-19,PHC009,67,4
2026-04-20,PHC009,119,6
2026-04-21,PHC009,90,5
2026-04-22,PHC009,93,5
2026-04-23,PHC009,88,5
2026-04-24,PHC009,97,5
2026-04-25,PHC009,96,5
2026-04-26,PHC009,60,3
2026-04-27,PHC009,112,6
2026-04-28,PHC009,90,5
2026-04-29,PHC009,98,5
2026-04-30,PHC009,87,5
2026-05-01,PHC009,98,5
2026-05-02,PHC009,97,5
2026-05-03,PHC009,59,3
2026-05-04,PHC009,130,6
2026-05-05,PHC009,97,5
2026-05-06,PHC009,90,5
2026-05-07,PHC009,103,6
2026-05-08,PHC009,95,5
2026-05-09,PHC009,87,5
2026-05-10,PHC009,67,4
2026-05-11,PHC009,116,6
2026-05-12,PHC009,76,4
2026-05-13,PHC009,75,4
2026-05-14,PHC009,99,5
2026-05-15,PHC009,92,5
2026-05-16,PHC009,79,4
2026-05-17,PHC009,64,3
2026-05-18,PHC009,108,6
2026-05-19,PHC009,94,5
2026-05-20,PHC009,89,5
2026-05-21,PHC009,95,5
2026-05-22,PHC009,93,5
2026-05-23,PHC009,88,5
2026-05-24,PHC009,66,3
2026-05-25,PHC009,112,6
2026-05-26,PHC009,85,5
2026-05-27,PHC009,91,5
2026-05-28,PHC009,86,5
2026-05-29,PHC009,79,4
2026-05-30,PHC009,79,4
2026-05-31,PHC009,59,3
2026-06-01,PHC009,102,6
2026-06-02,PHC009,67,4
2026-06-03,PHC009,86,5
2026-06-04,PHC009,80,4
2026-06-05,PHC009,85,5
2026-06-06,PHC009,91,5
2026-06-07,PHC009,54,3
2026-06-08,PHC009,106,6
2026-06-09,PHC009,80,4
2026-06-10,PHC009,84,5
2026-06-11,PHC009,74,4
2026-06-12,PHC009,82,4
2026-06-13,PHC009,82,4
2026-06-14,PHC009,48,2
2026-06-15,PHC009,195,6
2026-06-16,PHC009,168,6
2026-06-17,PHC009,186,6
2026-06-18,PHC009,185,6
2026-06-19,PHC009,159,6
2026-06-20,PHC009,151,6
2026-06-21,PHC009,60,3
2026-06-22,PHC009,86,5
2026-06-23,PHC009,73,4
2026-06-24,PHC009,76,4
2026-06-25,PHC009,84,5
2026-06-26,PHC009,77,4
2026-06-27,PHC009,69,4
2026-06-28,PHC009,52,3
2026-06-29,PHC009,94,5
2026-06-30,PHC009,89,5
2026-07-01,PHC009,90,5
2026-07-02,PHC009,81,4
2026-07-03,PHC009,78,4
2026-07-04,PHC009,71,4
2026-07-05,PHC009,43,2
2026-07-06,PHC009,93,5
2026-07-07,PHC009,71,4
2026-07-08,PHC009,79,4
2026-07-09,PHC009,68,4
2026-07-10,PHC009,81,4
2026-07-11,PHC009,82,4
2026-07-12,PHC009,51,3
2026-07-13,PHC009,97,5
2026-07-14,PHC009,66,3
2026-07-15,PHC009,69,4
2026-07-16,PHC009,66,3
2026-07-17,PHC009,80,4
2026-07-18,PHC009,83,4
2026-07-19,PHC009,51,3
2026-07-20,PHC009,85,5
2026-07-21,PHC009,83,4
2026-07-22,PHC009,69,4
2026-07-23,PHC009,82,4
2026-07-24,PHC009,81,4
2026-07-25,PHC009,75,4
2026-07-26,PHC009,54,3
2026-07-27,PHC009,82,4
2026-07-28,PHC009,81,4
2026-07-29,PHC009,83,4
2026-07-30,PHC009,72,4
2026-07-31,PHC009,82,4
2026-08-01,PHC009,79,4
2026-08-02,PHC009,58,3
2026-08-03,PHC009,101,6
2026-08-04,PHC009,71,4
2026-08-05,PHC009,88,5
2026-08-06,PHC009,74,4
2026-08-07,PHC009,68,4
2026-08-08,PHC009,83,4
2026-08-09,PHC009,57,3
2026-08-10,PHC009,104,6
2026-08-11,PHC009,81,4
2026-08-12,PHC009,89,5
2026-08-13,PHC009,82,4
2026-08-14,PHC009,78,4
2026-08-15,PHC009,90,5
2026-08-16,PHC009,55,3
2026-08-17,PHC009,102,6
2026-08-18,PHC009,78,4
2026-08-19,PHC009,70,4
2026-08-20,PHC009,83,4
2026-08-21,PHC009,86,5
2026-08-22,PHC009,82,4
2026-08-23,PHC009,55,3
2026-08-24,PHC009,93,5
2026-08-25,PHC009,94,5
2026-08-26,PHC009,82,4
2026-08-27,PHC009,97,5
2026-03-01,PHC010,61,3
2026-03-02,PHC010,120,6
2026-03-03,PHC010,98,5
2026-03-04,PHC010,72,4
2026-03-05,PHC010,97,5
2026-03-06,PHC010,95,5
2026-03-07,PHC010,100,6
2026-03-08,PHC010,62,3
2026-03-09,PHC010,129,6
2026-03-10,PHC010,90,5
2026-03-11,PHC010,86,5
2026-03-12,PHC010,87,5
2026-03-13,PHC010,98,5
2026-03-14,PHC010,99,5
2026-03-15,PHC010,61,3
2026-03-16,PHC010,122,6
2026-03-17,PHC010,76,4
2026-03-18,PHC010,109,6
2026-03-19,PHC010,92,5
2026-03-20,PHC010,87,5
2026-03-21,PHC010,109,6
2026-03-22,PHC010,67,4
2026-03-23,PHC010,119,6
2026-03-24,PHC010,106,6
2026-03-25,PHC010,100,6
2026-03-26,PHC010,99,5
2026-03-27,PHC010,98,5
2026-03-28,PHC010,85,5
2026-03-29,PHC010,64,3
2026-03-30,PHC010,137,6
2026-03-31,PHC010,96,5
2026-04-01,PHC010,82,4
2026-04-02,PHC010,82,4
2026-04-03,PHC010,97,5
2026-04-04,PHC010,90,5
2026-04-05,PHC010,70,4
2026-04-06,PHC010,112,6
2026-04-07,PHC010,112,6
2026-04-08,PHC010,90,5
2026-04-09,PHC010,109,6
2026-04-10,PHC010,110,6
2026-04-11,PHC010,100,6
2026-04-12,PHC010,68,4
2026-04-13,PHC010,104,6
2026-04-14,PHC010,97,5
2026-04-15,PHC010,95,5
2026-04-16,PHC010,93,5
2026-04-17,PHC010,92,5
2026-04-18,PHC010,92,5
2026-04-19,PHC010,67,4
2026-04-20,PHC010,125,6
2026-04-21,PHC010,95,5
2026-04-22,PHC010,108,6
2026-04-23,PHC010,111,6
2026-04-24,PHC010,95,5
2026-04-25,PHC010,101,6
2026-04-26,PHC010,73,4
2026-04-27,PHC010,127,6
2026-04-28,PHC010,100,6
2026-04-29,PHC010,94,5
2026-04-30,PHC010,96,5
2026-05-01,PHC010,99,5
2026-05-02,PHC010,89,5
2026-05-03,PHC010,65,3
2026-05-04,PHC010,106,6
2026-05-05,PHC010,111,6
2026-05-06,PHC010,100,6
2026-05-07,PHC010,107,6
2026-05-08,PHC010,90,5
2026-05-09,PHC010,96,5
2026-05-10,PHC010,68,4
2026-05-11,PHC010,117,6
2026-05-12,PHC010,99,5
2026-05-13,PHC010,99,5
2026-05-14,PHC010,98,5
2026-05-15,PHC010,95,5
2026-05-16,PHC010,86,5
2026-05-17,PHC010,65,3
2026-05-18,PHC010,118,6
2026-05-19,PHC010,91,5
2026-05-20,PHC010,102,6
2026-05-21,PHC010,86,5
2026-05-22,PHC010,94,5
2026-05-23,PHC010,91,5
2026-05-24,PHC010,64,3
2026-05-25,PHC010,117,6
2026-05-26,PHC010,75,4
2026-05-27,PHC010,89,5
2026-05-28,PHC010,85,5
2026-05-29,PHC010,93,5
2026-05-30,PHC010,97,5
2026-05-31,PHC010,62,3
2026-06-01,PHC010,114,6
2026-06-02,PHC010,92,5
2026-06-03,PHC010,86,5
2026-06-04,PHC010,92,5
2026-06-05,PHC010,86,5
2026-06-06,PHC010,97,5
2026-06-07,PHC010,61,3
2026-06-08,PHC010,112,6
2026-06-09,PHC010,94,5
2026-06-10,PHC010,83,4
2026-06-11,PHC010,91,5
2026-06-12,PHC010,81,4
2026-06-13,PHC010,84,5
2026-06-14,PHC010,68,4
2026-06-15,PHC010,107,6
2026-06-16,PHC010,90,5
2026-06-17,PHC010,84,5
2026-06-18,PHC010,72,4
2026-06-19,PHC010,92,5
2026-06-20,PHC010,98,5
2026-06-21,PHC010,60,3
2026-06-22,PHC010,113,6
2026-06-23,PHC010,85,5
2026-06-24,PHC010,77,4
2026-06-25,PHC010,76,4
2026-06-26,PHC010,97,5
2026-06-27,PHC010,78,4
2026-06-28,PHC010,44,2
2026-06-29,PHC010,115,6
2026-06-30,PHC010,74,4
2026-07-01,PHC010,89,5
2026-07-02,PHC010,86,5
2026-07-03,PHC010,84,5
2026-07-04,PHC010,77,4
2026-07-05,PHC010,58,3
2026-07-06,PHC010,101,6
2026-07-07,PHC010,79,4
2026-07-08,PHC010,75,4
2026-07-09,PHC010,77,4
2026-07-10,PHC010,80,4
2026-07-11,PHC010,63,3
2026-07-12,PHC010,62,3
2026-07-13,PHC010,102,6
2026-07-14,PHC010,70,4
2026-07-15,PHC010,88,5
2026-07-16,PHC010,88,5
2026-07-17,PHC010,84,5
2026-07-18,PHC010,78,4
2026-07-19,PHC010,56,3
2026-07-20,PHC010,107,6
2026-07-21,PHC010,82,4
2026-07-22,PHC010,80,4
2026-07-23,PHC010,97,5
2026-07-24,PHC010,95,5
2026-07-25,PHC010,81,4
2026-07-26,PHC010,56,3
2026-07-27,PHC010,95,5
2026-07-28,PHC010,85,5
2026-07-29,PHC010,83,4
2026-07-30,PHC010,87,5
2026-07-31,PHC010,84,5
2026-08-01,PHC010,89,5
2026-08-02,PHC010,55,3
2026-08-03,PHC010,100,6
2026-08-04,PHC010,90,5
2026-08-05,PHC010,84,5
2026-08-06,PHC010,81,4
2026-08-07,PHC010,80,4
2026-08-08,PHC010,72,4
2026-08-09,PHC010,62,3
2026-08-10,PHC010,109,6
2026-08-11,PHC010,89,5
2026-08-12,PHC010,89,5
2026-08-13,PHC010,86,5
2026-08-14,PHC010,90,5
2026-08-15,PHC010,83,4
2026-08-16,PHC010,57,3
2026-08-17,PHC010,120,6
2026-08-18,PHC010,91,5
2026-08-19,PHC010,93,5
2026-08-20,PHC010,86,5
2026-08-21,PHC010,80,4
2026-08-22,PHC010,97,5
2026-08-23,PHC010,63,3
2026-08-24,PHC010,118,6
2026-08-25,PHC010,74,4
2026-08-26,PHC010,84,5
2026-08-27,PHC010,92,5
2026-03-01,PHC011,57,3
2026-03-02,PHC011,91,4
2026-03-03,PHC011,83,4
2026-03-04,PHC011,86,4
2026-03-05,PHC011,82,4
2026-03-06,PHC011,73,4
2026-03-07,PHC011,81,4
2026-03-08,PHC011,50,3
2026-03-09,PHC011,95,4
2026-03-10,PHC011,74,4
2026-03-11,PHC011,80,4
2026-03-12,PHC011,80,4
2026-03-13,PHC011,68,4
2026-03-14,PHC011,79,4
2026-03-15,PHC011,56,3
2026-03-16,PHC011,93,4
2026-03-17,PHC011,86,4
2026-03-18,PHC011,74,4
2026-03-19,PHC011,75,4
2026-03-20,PHC011,90,4
2026-03-21,PHC011,85,4
2026-03-22,PHC011,57,3
2026-03-23,PHC011,108,4
2026-03-24,PHC011,80,4
2026-03-25,PHC011,84,4
2026-03-26,PHC011,83,4
2026-03-27,PHC011,84,4
2026-03-28,PHC011,90,4
2026-03-29,PHC011,58,3
2026-03-30,PHC011,115,4
2026-03-31,PHC011,73,4
2026-04-01,PHC011,84,4
2026-04-02,PHC011,88,4
2026-04-03,PHC011,76,4
2026-04-04,PHC011,99,4
2026-04-05,PHC011,56,3
2026-04-06,PHC011,98,4
2026-04-07,PHC011,81,4
2026-04-08,PHC011,89,4
2026-04-09,PHC011,86,4
2026-04-10,PHC011,97,4
2026-04-11,PHC011,98,4
2026-04-12,PHC011,60,3
2026-04-13,PHC011,116,4
2026-04-14,PHC011,73,4
2026-04-15,PHC011,76,4
2026-04-16,PHC011,83,4
2026-04-17,PHC011,73,4
2026-04-18,PHC011,76,4
2026-04-19,PHC011,58,3
2026-04-20,PHC011,100,4
2026-04-21,PHC011,83,4
2026-04-22,PHC011,82,4
2026-04-23,PHC011,81,4
2026-04-24,PHC011,82,4
2026-04-25,PHC011,83,4
2026-04-26,PHC011,73,4
2026-04-27,PHC011,109,4
2026-04-28,PHC011,68,4
2026-04-29,PHC011,75,4
2026-04-30,PHC011,79,4
2026-05-01,PHC011,72,4
2026-05-02,PHC011,84,4
2026-05-03,PHC011,60,3
2026-05-04,PHC011,118,4
2026-05-05,PHC011,81,4
2026-05-06,PHC011,89,4
2026-05-07,PHC011,82,4
2026-05-08,PHC011,81,4
2026-05-09,PHC011,88,4
2026-05-10,PHC011,52,3
2026-05-11,PHC011,108,4
2026-05-12,PHC011,75,4
2026-05-13,PHC011,75,4
2026-05-14,PHC011,76,4
2026-05-15,PHC011,75,4
2026-05-16,PHC011,79,4
2026-05-17,PHC011,59,3
2026-05-18,PHC011,100,4
2026-05-19,PHC011,72,4
2026-05-20,PHC011,71,4
2026-05-21,PHC011,83,4
2026-05-22,PHC011,69,4
2026-05-23,PHC011,84,4
2026-05-24,PHC011,56,3
2026-05-25,PHC011,87,4
2026-05-26,PHC011,74,4
2026-05-27,PHC011,93,4
2026-05-28,PHC011,70,4
2026-05-29,PHC011,81,4
2026-05-30,PHC011,84,4
2026-05-31,PHC011,54,3
2026-06-01,PHC011,88,4
2026-06-02,PHC011,82,4
2026-06-03,PHC011,81,4
2026-06-04,PHC011,89,4
2026-06-05,PHC011,82,4
2026-06-06,PHC011,86,4
2026-06-07,PHC011,45,2
2026-06-08,PHC011,97,4
2026-06-09,PHC011,79,4
2026-06-10,PHC011,74,4
2026-06-11,PHC011,72,4
2026-06-12,PHC011,77,4
2026-06-13,PHC011,79,4
2026-06-14,PHC011,45,2
2026-06-15,PHC011,89,4
2026-06-16,PHC011,66,3
2026-06-17,PHC011,80,4
2026-06-18,PHC011,71,4
2026-06-19,PHC011,72,4
2026-06-20,PHC011,69,4
2026-06-21,PHC011,46,2
2026-06-22,PHC011,98,4
2026-06-23,PHC011,82,4
2026-06-24,PHC011,75,4
2026-06-25,PHC011,70,4
2026-06-26,PHC011,74,4
2026-06-27,PHC011,62,3
2026-06-28,PHC011,48,2
2026-06-29,PHC011,91,4
2026-06-30,PHC011,65,3
2026-07-01,PHC011,69,4
2026-07-02,PHC011,62,3
2026-07-03,PHC011,71,4
2026-07-04,PHC011,69,4
2026-07-05,PHC011,51,3
2026-07-06,PHC011,91,4
2026-07-07,PHC011,73,4
2026-07-08,PHC011,71,4
2026-07-09,PHC011,71,4
2026-07-10,PHC011,74,4
2026-07-11,PHC011,65,3
2026-07-12,PHC011,48,2
2026-07-13,PHC011,86,4
2026-07-14,PHC011,68,4
2026-07-15,PHC011,71,4
2026-07-16,PHC011,62,3
2026-07-17,PHC011,74,4
2026-07-18,PHC011,58,3
2026-07-19,PHC011,43,2
2026-07-20,PHC011,74,4
2026-07-21,PHC011,67,4
2026-07-22,PHC011,69,4
2026-07-23,PHC011,69,4
2026-07-24,PHC011,62,3
2026-07-25,PHC011,79,4
2026-07-26,PHC011,49,2
2026-07-27,PHC011,86,4
2026-07-28,PHC011,67,4
2026-07-29,PHC011,78,4
2026-07-30,PHC011,64,3
2026-07-31,PHC011,78,4
2026-08-01,PHC011,76,4
2026-08-02,PHC011,49,2
2026-08-03,PHC011,89,4
2026-08-04,PHC011,65,3
2026-08-05,PHC011,67,4
2026-08-06,PHC011,74,4
2026-08-07,PHC011,74,4
2026-08-08,PHC011,75,4
2026-08-09,PHC011,46,2
2026-08-10,PHC011,86,4
2026-08-11,PHC011,65,3
2026-08-12,PHC011,73,4
2026-08-13,PHC011,68,4
2026-08-14,PHC011,71,4
2026-08-15,PHC011,75,4
2026-08-16,PHC011,51,3
2026-08-17,PHC011,81,4
2026-08-18,PHC011,73,4
2026-08-19,PHC011,73,4
2026-08-20,PHC011,77,4
2026-08-21,PHC011,84,4
2026-08-22,PHC011,67,4
2026-08-23,PHC011,51,3
2026-08-24,PHC011,101,4
2026-08-25,PHC011,76,4
2026-08-26,PHC011,78,4
2026-08-27,PHC011,83,4
2026-03-01,PHC012,56,3
2026-03-02,PHC012,94,4
2026-03-03,PHC012,73,4
2026-03-04,PHC012,85,4
2026-03-05,PHC012,84,4
2026-03-06,PHC012,79,4
2026-03-07,PHC012,78,4
2026-03-08,PHC012,48,2
2026-03-09,PHC012,87,4
2026-03-10,PHC012,71,4
2026-03-11,PHC012,84,4
2026-03-12,PHC012,66,3
2026-03-13,PHC012,77,4
2026-03-14,PHC012,65,3
2026-03-15,PHC012,50,3
2026-03-16,PHC012,82,4
2026-03-17,PHC012,71,4
2026-03-18,PHC012,85,4
2026-03-19,PHC012,80,4
2026-03-20,PHC012,82,4
2026-03-21,PHC012,77,4
2026-03-22,PHC012,52,3
2026-03-23,PHC012,99,4
2026-03-24,PHC012,83,4
2026-03-25,PHC012,70,4
2026-03-26,PHC012,83,4
2026-03-27,PHC012,79,4
2026-03-28,PHC012,87,4
2026-03-29,PHC012,56,3
2026-03-30,PHC012,98,4
2026-03-31,PHC012,78,4
2026-04-01,PHC012,72,4
2026-04-02,PHC012,82,4
2026-04-03,PHC012,72,4
2026-04-04,PHC012,83,4
2026-04-05,PHC012,59,3
2026-04-06,PHC012,100,4
2026-04-07,PHC012,87,4
2026-04-08,PHC012,79,4
2026-04-09,PHC012,79,4
2026-04-10,PHC012,69,4
2026-04-11,PHC012,77,4
2026-04-12,PHC012,57,3
2026-04-13,PHC012,117,4
2026-04-14,PHC012,70,4
2026-04-15,PHC012,84,4
2026-04-16,PHC012,77,4
2026-04-17,PHC012,83,4
2026-04-18,PHC012,93,4
2026-04-19,PHC012,53,3
2026-04-20,PHC012,111,4
2026-04-21,PHC012,70,4
2026-04-22,PHC012,77,4
2026-04-23,PHC012,82,4
2026-04-24,PHC012,72,4
2026-04-25,PHC012,74,4
2026-04-26,PHC012,51,3
2026-04-27,PHC012,120,4
2026-04-28,PHC012,82,4
2026-04-29,PHC012,176,4
2026-04-30,PHC012,182,4
2026-05-01,PHC012,152,4
2026-05-02,PHC012,180,4
2026-05-03,PHC012,122,4
2026-05-04,PHC012,219,4
2026-05-05,PHC012,78,4
2026-05-06,PHC012,77,4
2026-05-07,PHC012,77,4
2026-05-08,PHC012,74,4
2026-05-09,PHC012,76,4
2026-05-10,PHC012,47,2
2026-05-11,PHC012,94,4
2026-05-12,PHC012,70,4
2026-05-13,PHC012,74,4
2026-05-14,PHC012,66,3
2026-05-15,PHC012,79,4
2026-05-16,PHC012,79,4
2026-05-17,PHC012,49,2
2026-05-18,PHC012,82,4
2026-05-19,PHC012,81,4
2026-05-20,PHC012,78,4
2026-05-21,PHC012,78,4
2026-05-22,PHC012,79,4
2026-05-23,PHC012,76,4
2026-05-24,PHC012,50,3
2026-05-25,PHC012,101,4
2026-05-26,PHC012,64,3
2026-05-27,PHC012,84,4
2026-05-28,PHC012,73,4
2026-05-29,PHC012,72,4
2026-05-30,PHC012,65,3
2026-05-31,PHC012,50,3
2026-06-01,PHC012,85,4
2026-06-02,PHC012,72,4
2026-06-03,PHC012,80,4
2026-06-04,PHC012,78,4
2026-06-05,PHC012,71,4
2026-06-06,PHC012,69,4
2026-06-07,PHC012,46,2
2026-06-08,PHC012,97,4
2026-06-09,PHC012,63,3
2026-06-10,PHC012,69,4
2026-06-11,PHC012,56,3
2026-06-12,PHC012,60,3
2026-06-13,PHC012,71,4
2026-06-14,PHC012,47,2
2026-06-15,PHC012,86,4
2026-06-16,PHC012,68,4
2026-06-17,PHC012,76,4
2026-06-18,PHC012,61,3
2026-06-19,PHC012,83,4
2026-06-20,PHC012,65,3
2026-06-21,PHC012,49,2
2026-06-22,PHC012,88,4
2026-06-23,PHC012,79,4
2026-06-24,PHC012,64,3
2026-06-25,PHC012,67,4
2026-06-26,PHC012,63,3
2026-06-27,PHC012,70,4
2026-06-28,PHC012,49,2
2026-06-29,PHC012,73,4
2026-06-30,PHC012,54,3
2026-07-01,PHC012,63,3
2026-07-02,PHC012,69,4
2026-07-03,PHC012,60,3
2026-07-04,PHC012,57,3
2026-07-05,PHC012,44,2
2026-07-06,PHC012,77,4
2026-07-07,PHC012,69,4
2026-07-08,PHC012,66,3
2026-07-09,PHC012,64,3
2026-07-10,PHC012,61,3
2026-07-11,PHC012,61,3
2026-07-12,PHC012,47,2
2026-07-13,PHC012,86,4
2026-07-14,PHC012,71,4
2026-07-15,PHC012,67,4
2026-07-16,PHC012,70,4
2026-07-17,PHC012,55,3
2026-07-18,PHC012,66,3
2026-07-19,PHC012,44,2
2026-07-20,PHC012,77,4
2026-07-21,PHC012,74,4
2026-07-22,PHC012,147,4
2026-07-23,PHC012,136,4
2026-07-24,PHC012,160,4
2026-07-25,PHC012,142,4
2026-07-26,PHC012,93,4
2026-07-27,PHC012,189,4
2026-07-28,PHC012,151,4
2026-07-29,PHC012,135,4
2026-07-30,PHC012,161,4
2026-07-31,PHC012,76,4
2026-08-01,PHC012,72,4
2026-08-02,PHC012,44,2
2026-08-03,PHC012,93,4
2026-08-04,PHC012,74,4
2026-08-05,PHC012,68,4
2026-08-06,PHC012,74,4
2026-08-07,PHC012,64,3
2026-08-08,PHC012,67,4
2026-08-09,PHC012,48,2
2026-08-10,PHC012,84,4
2026-08-11,PHC012,64,3
2026-08-12,PHC012,58,3
2026-08-13,PHC012,75,4
2026-08-14,PHC012,60,3
2026-08-15,PHC012,69,4
2026-08-16,PHC012,53,3
2026-08-17,PHC012,84,4
2026-08-18,PHC012,75,4
2026-08-19,PHC012,82,4
2026-08-20,PHC012,75,4
2026-08-21,PHC012,78,4
2026-08-22,PHC012,77,4
2026-08-23,PHC012,54,3
2026-08-24,PHC012,89,4
2026-08-25,PHC012,77,4
2026-08-26,PHC012,71,4
2026-08-27,PHC012,62,3
2026-03-01,PHC013,61,3
2026-03-02,PHC013,122,6
2026-03-03,PHC013,94,5
2026-03-04,PHC013,88,5
2026-03-05,PHC013,93,5
2026-03-06,PHC013,110,6
2026-03-07,PHC013,84,5
2026-03-08,PHC013,74,4
2026-03-09,PHC013,113,6
2026-03-10,PHC013,97,5
2026-03-11,PHC013,83,4
2026-03-12,PHC013,91,5
2026-03-13,PHC013,100,6
2026-03-14,PHC013,99,5
2026-03-15,PHC013,68,4
2026-03-16,PHC013,120,6
2026-03-17,PHC013,101,6
2026-03-18,PHC013,118,6
2026-03-19,PHC013,94,5
2026-03-20,PHC013,115,6
2026-03-21,PHC013,94,5
2026-03-22,PHC013,69,4
2026-03-23,PHC013,116,6
2026-03-24,PHC013,99,5
2026-03-25,PHC013,98,5
2026-03-26,PHC013,112,6
2026-03-27,PHC013,100,6
2026-03-28,PHC013,95,5
2026-03-29,PHC013,76,4
2026-03-30,PHC013,116,6
2026-03-31,PHC013,91,5
2026-04-01,PHC013,82,4
2026-04-02,PHC013,89,5
2026-04-03,PHC013,95,5
2026-04-04,PHC013,97,5
2026-04-05,PHC013,71,4
2026-04-06,PHC013,133,6
2026-04-07,PHC013,89,5
2026-04-08,PHC013,89,5
2026-04-09,PHC013,98,5
2026-04-10,PHC013,90,5
2026-04-11,PHC013,101,6
2026-04-12,PHC013,78,4
2026-04-13,PHC013,111,6
2026-04-14,PHC013,87,5
2026-04-15,PHC013,104,6
2026-04-16,PHC013,96,5
2026-04-17,PHC013,109,6
2026-04-18,PHC013,90,5
2026-04-19,PHC013,67,4
2026-04-20,PHC013,123,6
2026-04-21,PHC013,103,6
2026-04-22,PHC013,107,6
2026-04-23,PHC013,109,6
2026-04-24,PHC013,102,6
2026-04-25,PHC013,91,5
2026-04-26,PHC013,70,4
2026-04-27,PHC013,136,6
2026-04-28,PHC013,96,5
2026-04-29,PHC013,95,5
2026-04-30,PHC013,96,5
2026-05-01,PHC013,99,5
2026-05-02,PHC013,105,6
2026-05-03,PHC013,70,4
2026-05-04,PHC013,126,6
2026-05-05,PHC013,97,5
2026-05-06,PHC013,91,5
2026-05-07,PHC013,94,5
2026-05-08,PHC013,90,5
2026-05-09,PHC013,109,6
2026-05-10,PHC013,71,4
2026-05-11,PHC013,121,6
2026-05-12,PHC013,99,5
2026-05-13,PHC013,90,5
2026-05-14,PHC013,107,6
2026-05-15,PHC013,99,5
2026-05-16,PHC013,96,5
2026-05-17,PHC013,69,4
2026-05-18,PHC013,119,6
2026-05-19,PHC013,99,5
2026-05-20,PHC013,103,6
2026-05-21,PHC013,102,6
2026-05-22,PHC013,83,4
2026-05-23,PHC013,92,5
2026-05-24,PHC013,67,4
2026-05-25,PHC013,116,6
2026-05-26,PHC013,78,4
2026-05-27,PHC013,89,5
2026-05-28,PHC013,89,5
2026-05-29,PHC013,95,5
2026-05-30,PHC013,82,4
2026-05-31,PHC013,65,3
2026-06-01,PHC013,126,6
2026-06-02,PHC013,96,5
2026-06-03,PHC013,95,5
2026-06-04,PHC013,76,4
2026-06-05,PHC013,102,6
2026-06-06,PHC013,79,4
2026-06-07,PHC013,66,3
2026-06-08,PHC013,108,6
2026-06-09,PHC013,98,5
2026-06-10,PHC013,95,5
2026-06-11,PHC013,90,5
2026-06-12,PHC013,97,5
2026-06-13,PHC013,95,5
2026-06-14,PHC013,65,3
2026-06-15,PHC013,104,6
2026-06-16,PHC013,91,5
2026-06-17,PHC013,95,5
2026-06-18,PHC013,83,4
2026-06-19,PHC013,78,4
2026-06-20,PHC013,83,4
2026-06-21,PHC013,66,3
2026-06-22,PHC013,99,5
2026-06-23,PHC013,74,4
2026-06-24,PHC013,68,4
2026-06-25,PHC013,82,4
2026-06-26,PHC013,87,5
2026-06-27,PHC013,71,4
2026-06-28,PHC013,66,3
2026-06-29,PHC013,108,6
2026-06-30,PHC013,89,5
2026-07-01,PHC013,85,5
2026-07-02,PHC013,86,5
2026-07-03,PHC013,90,5
2026-07-04,PHC013,82,4
2026-07-05,PHC013,52,3
2026-07-06,PHC013,111,6
2026-07-07,PHC013,70,4
2026-07-08,PHC013,85,5
2026-07-09,PHC013,81,4
2026-07-10,PHC013,87,5
2026-07-11,PHC013,87,5
2026-07-12,PHC013,61,3
2026-07-13,PHC013,96,5
2026-07-14,PHC013,77,4
2026-07-15,PHC013,84,5
2026-07-16,PHC013,83,4
2026-07-17,PHC013,88,5
2026-07-18,PHC013,73,4
2026-07-19,PHC013,59,3
2026-07-20,PHC013,110,6
2026-07-21,PHC013,86,5
2026-07-22,PHC013,74,4
2026-07-23,PHC013,94,5
2026-07-24,PHC013,80,4
2026-07-25,PHC013,93,5
2026-07-26,PHC013,52,3
2026-07-27,PHC013,87,5
2026-07-28,PHC013,78,4
2026-07-29,PHC013,84,5
2026-07-30,PHC013,92,5
2026-07-31,PHC013,90,5
2026-08-01,PHC013,88,5
2026-08-02,PHC013,54,3
2026-08-03,PHC013,109,6
2026-08-04,PHC013,86,5
2026-08-05,PHC013,85,5
2026-08-06,PHC013,75,4
2026-08-07,PHC013,83,4
2026-08-08,PHC013,86,5
2026-08-09,PHC013,58,3
2026-08-10,PHC013,111,6
2026-08-11,PHC013,84,5
2026-08-12,PHC013,87,5
2026-08-13,PHC013,82,4
2026-08-14,PHC013,87,5
2026-08-15,PHC013,68,4
2026-08-16,PHC013,61,3
2026-08-17,PHC013,118,6
2026-08-18,PHC013,82,4
2026-08-19,PHC013,83,4
2026-08-20,PHC013,83,4
2026-08-21,PHC013,93,5
2026-08-22,PHC013,81,4
2026-08-23,PHC013,63,3
2026-08-24,PHC013,113,6
2026-08-25,PHC013,86,5
2026-08-26,PHC013,87,5
2026-08-27,PHC013,90,5
2026-03-01,PHC014,59,3
2026-03-02,PHC014,93,5
2026-03-03,PHC014,88,5
2026-03-04,PHC014,74,4
2026-03-05,PHC014,69,4
2026-03-06,PHC014,79,4
2026-03-07,PHC014,66,3
2026-03-08,PHC014,54,3
2026-03-09,PHC014,84,5
2026-03-10,PHC014,84,5
2026-03-11,PHC014,82,4
2026-03-12,PHC014,89,5
2026-03-13,PHC014,79,4
2026-03-14,PHC014,78,4
2026-03-15,PHC014,53,3
2026-03-16,PHC014,114,6
2026-03-17,PHC014,76,4
2026-03-18,PHC014,74,4
2026-03-19,PHC014,90,5
2026-03-20,PHC014,75,4
2026-03-21,PHC014,82,4
2026-03-22,PHC014,55,3
2026-03-23,PHC014,112,6
2026-03-24,PHC014,76,4
2026-03-25,PHC014,91,5
2026-03-26,PHC014,83,4
2026-03-27,PHC014,91,5
2026-03-28,PHC014,84,5
2026-03-29,PHC014,55,3
2026-03-30,PHC014,108,6
2026-03-31,PHC014,87,5
2026-04-01,PHC014,89,5
2026-04-02,PHC014,73,4
2026-04-03,PHC014,87,5
2026-04-04,PHC014,71,4
2026-04-05,PHC014,61,3
2026-04-06,PHC014,104,6
2026-04-07,PHC014,90,5
2026-04-08,PHC014,77,4
2026-04-09,PHC014,80,4
2026-04-10,PHC014,87,5
2026-04-11,PHC014,82,4
2026-04-12,PHC014,53,3
2026-04-13,PHC014,102,6
2026-04-14,PHC014,78,4
2026-04-15,PHC014,70,4
2026-04-16,PHC014,87,5
2026-04-17,PHC014,85,5
2026-04-18,PHC014,101,6
2026-04-19,PHC014,59,3
2026-04-20,PHC014,106,6
2026-04-21,PHC014,74,4
2026-04-22,PHC014,87,5
2026-04-23,PHC014,89,5
2026-04-24,PHC014,81,4
2026-04-25,PHC014,85,5
2026-04-26,PHC014,52,3
2026-04-27,PHC014,110,6
2026-04-28,PHC014,92,5
2026-04-29,PHC014,79,4
2026-04-30,PHC014,78,4
2026-05-01,PHC014,74,4
2026-05-02,PHC014,83,4
2026-05-03,PHC014,57,3
2026-05-04,PHC014,95,5
2026-05-05,PHC014,78,4
2026-05-06,PHC014,71,4
2026-05-07,PHC014,81,4
2026-05-08,PHC014,65,3
2026-05-09,PHC014,82,4
2026-05-10,PHC014,55,3
2026-05-11,PHC014,100,6
2026-05-12,PHC014,85,5
2026-05-13,PHC014,77,4
2026-05-14,PHC014,86,5
2026-05-15,PHC014,65,3
2026-05-16,PHC014,77,4
2026-05-17,PHC014,59,3
2026-05-18,PHC014,104,6
2026-05-19,PHC014,85,5
2026-05-20,PHC014,75,4
2026-05-21,PHC014,77,4
2026-05-22,PHC014,71,4
2026-05-23,PHC014,71,4
2026-05-24,PHC014,57,3
2026-05-25,PHC014,94,5
2026-05-26,PHC014,73,4
2026-05-27,PHC014,71,4
2026-05-28,PHC014,66,3
2026-05-29,PHC014,75,4
2026-05-30,PHC014,76,4
2026-05-31,PHC014,53,3
2026-06-01,PHC014,81,4
2026-06-02,PHC014,78,4
2026-06-03,PHC014,82,4
2026-06-04,PHC014,76,4
2026-06-05,PHC014,78,4
2026-06-06,PHC014,79,4
2026-06-07,PHC014,55,3
2026-06-08,PHC014,93,5
2026-06-09,PHC014,67,4
2026-06-10,PHC014,70,4
2026-06-11,PHC014,64,3
2026-06-12,PHC014,80,4
2026-06-13,PHC014,66,3
2026-06-14,PHC014,56,3
2026-06-15,PHC014,94,5
2026-06-16,PHC014,75,4
2026-06-17,PHC014,65,3
2026-06-18,PHC014,76,4
2026-06-19,PHC014,75,4
2026-06-20,PHC014,70,4
2026-06-21,PHC014,50,3
2026-06-22,PHC014,87,5
2026-06-23,PHC014,69,4
2026-06-24,PHC014,69,4
2026-06-25,PHC014,69,4
2026-06-26,PHC014,70,4
2026-06-27,PHC014,63,3
2026-06-28,PHC014,50,3
2026-06-29,PHC014,80,4
2026-06-30,PHC014,66,3
2026-07-01,PHC014,68,4
2026-07-02,PHC014,66,3
2026-07-03,PHC014,80,4
2026-07-04,PHC014,67,4
2026-07-05,PHC014,53,3
2026-07-06,PHC014,87,5
2026-07-07,PHC014,70,4
2026-07-08,PHC014,60,3
2026-07-09,PHC014,67,4
2026-07-10,PHC014,62,3
2026-07-11,PHC014,70,4
2026-07-12,PHC014,49,2
2026-07-13,PHC014,84,5
2026-07-14,PHC014,66,3
2026-07-15,PHC014,67,4
2026-07-16,PHC014,71,4
2026-07-17,PHC014,58,3
2026-07-18,PHC014,68,4
2026-07-19,PHC014,42,2
2026-07-20,PHC014,86,5
2026-07-21,PHC014,68,4
2026-07-22,PHC014,66,3
2026-07-23,PHC014,77,4
2026-07-24,PHC014,67,4
2026-07-25,PHC014,70,4
2026-07-26,PHC014,52,3
2026-07-27,PHC014,86,5
2026-07-28,PHC014,77,4
2026-07-29,PHC014,68,4
2026-07-30,PHC014,69,4
2026-07-31,PHC014,80,4
2026-08-01,PHC014,66,3
2026-08-02,PHC014,46,2
2026-08-03,PHC014,88,5
2026-08-04,PHC014,60,3
2026-08-05,PHC014,75,4
2026-08-06,PHC014,63,3
2026-08-07,PHC014,65,3
2026-08-08,PHC014,80,4
2026-08-09,PHC014,51,3
2026-08-10,PHC014,90,5
2026-08-11,PHC014,71,4
2026-08-12,PHC014,74,4
2026-08-13,PHC014,74,4
2026-08-14,PHC014,77,4
2026-08-15,PHC014,70,4
2026-08-16,PHC014,51,3
2026-08-17,PHC014,96,5
2026-08-18,PHC014,64,3
2026-08-19,PHC014,69,4
2026-08-20,PHC014,80,4
2026-08-21,PHC014,81,4
2026-08-22,PHC014,68,4
2026-08-23,PHC014,54,3
2026-08-24,PHC014,85,5
2026-08-25,PHC014,75,4
2026-08-26,PHC014,56,3
2026-08-27,PHC014,81,4
2026-03-01,PHC015,50,3
2026-03-02,PHC015,70,4
2026-03-03,PHC015,50,3
2026-03-04,PHC015,57,3
2026-03-05,PHC015,64,3
2026-03-06,PHC015,59,3
2026-03-07,PHC015,62,3
2026-03-08,PHC015,41,2
2026-03-09,PHC015,81,4
2026-03-10,PHC015,71,4
2026-03-11,PHC015,56,3
2026-03-12,PHC015,64,3
2026-03-13,PHC015,57,3
2026-03-14,PHC015,60,3
2026-03-15,PHC015,40,2
2026-03-16,PHC015,83,4
2026-03-17,PHC015,66,3
2026-03-18,PHC015,65,3
2026-03-19,PHC015,61,3
2026-03-20,PHC015,55,3
2026-03-21,PHC015,61,3
2026-03-22,PHC015,43,2
2026-03-23,PHC015,87,4
2026-03-24,PHC015,56,3
2026-03-25,PHC015,63,3
2026-03-26,PHC015,70,4
2026-03-27,PHC015,62,3
2026-03-28,PHC015,56,3
2026-03-29,PHC015,43,2
2026-03-30,PHC015,84,4
2026-03-31,PHC015,56,3
2026-04-01,PHC015,63,3
2026-04-02,PHC015,65,3
2026-04-03,PHC015,66,3
2026-04-04,PHC015,61,3
2026-04-05,PHC015,46,2
2026-04-06,PHC015,74,4
2026-04-07,PHC015,64,3
2026-04-08,PHC015,54,3
2026-04-09,PHC015,61,3
2026-04-10,PHC015,66,3
2026-04-11,PHC015,78,4
2026-04-12,PHC015,53,3
2026-04-13,PHC015,80,4
2026-04-14,PHC015,52,3
2026-04-15,PHC015,63,3
2026-04-16,PHC015,61,3
2026-04-17,PHC015,69,4
2026-04-18,PHC015,69,4
2026-04-19,PHC015,46,2
2026-04-20,PHC015,82,4
2026-04-21,PHC015,62,3
2026-04-22,PHC015,58,3
2026-04-23,PHC015,65,3
2026-04-24,PHC015,63,3
2026-04-25,PHC015,56,3
2026-04-26,PHC015,46,2
2026-04-27,PHC015,76,4
2026-04-28,PHC015,66,3
2026-04-29,PHC015,56,3
2026-04-30,PHC015,58,3
2026-05-01,PHC015,58,3
2026-05-02,PHC015,59,3
2026-05-03,PHC015,46,2
2026-05-04,PHC015,76,4
2026-05-05,PHC015,64,3
2026-05-06,PHC015,63,3
2026-05-07,PHC015,63,3
2026-05-08,PHC015,64,3
2026-05-09,PHC015,63,3
2026-05-10,PHC015,49,2
2026-05-11,PHC015,80,4
2026-05-12,PHC015,53,3
2026-05-13,PHC015,63,3
2026-05-14,PHC015,63,3
2026-05-15,PHC015,55,3
2026-05-16,PHC015,62,3
2026-05-17,PHC015,42,2
2026-05-18,PHC015,68,4
2026-05-19,PHC015,60,3
2026-05-20,PHC015,61,3
2026-05-21,PHC015,69,4
2026-05-22,PHC015,65,3
2026-05-23,PHC015,62,3
2026-05-24,PHC015,40,2
2026-05-25,PHC015,63,3
2026-05-26,PHC015,50,3
2026-05-27,PHC015,52,3
2026-05-28,PHC015,55,3
2026-05-29,PHC015,52,3
2026-05-30,PHC015,58,3
2026-05-31,PHC015,38,2
2026-06-01,PHC015,65,3
2026-06-02,PHC015,52,3
2026-06-03,PHC015,57,3
2026-06-04,PHC015,61,3
2026-06-05,PHC015,57,3
2026-06-06,PHC015,58,3
2026-06-07,PHC015,39,2
2026-06-08,PHC015,76,4
2026-06-09,PHC015,58,3
2026-06-10,PHC015,53,3
2026-06-11,PHC015,62,3
2026-06-12,PHC015,49,2
2026-06-13,PHC015,56,3
2026-06-14,PHC015,37,2
2026-06-15,PHC015,66,3
2026-06-16,PHC015,52,3
2026-06-17,PHC015,53,3
2026-06-18,PHC015,52,3
2026-06-19,PHC015,53,3
2026-06-20,PHC015,50,3
2026-06-21,PHC015,39,2
2026-06-22,PHC015,74,4
2026-06-23,PHC015,57,3
2026-06-24,PHC015,53,3
2026-06-25,PHC015,55,3
2026-06-26,PHC015,52,3
2026-06-27,PHC015,56,3
2026-06-28,PHC015,37,2
2026-06-29,PHC015,59,3
2026-06-30,PHC015,56,3
2026-07-01,PHC015,58,3
2026-07-02,PHC015,54,3
2026-07-03,PHC015,56,3
2026-07-04,PHC015,49,2
2026-07-05,PHC015,34,2
2026-07-06,PHC015,66,3
2026-07-07,PHC015,53,3
2026-07-08,PHC015,45,2
2026-07-09,PHC015,54,3
2026-07-10,PHC015,56,3
2026-07-11,PHC015,57,3
2026-07-12,PHC015,34,2
2026-07-13,PHC015,69,4
2026-07-14,PHC015,48,2
2026-07-15,PHC015,49,2
2026-07-16,PHC015,57,3
2026-07-17,PHC015,44,2
2026-07-18,PHC015,57,3
2026-07-19,PHC015,37,2
2026-07-20,PHC015,61,3
2026-07-21,PHC015,55,3
2026-07-22,PHC015,54,3
2026-07-23,PHC015,50,3
2026-07-24,PHC015,54,3
2026-07-25,PHC015,53,3
2026-07-26,PHC015,45,2
2026-07-27,PHC015,61,3
2026-07-28,PHC015,46,2
2026-07-29,PHC015,50,3
2026-07-30,PHC015,49,2
2026-07-31,PHC015,44,2
2026-08-01,PHC015,64,3
2026-08-02,PHC015,37,2
2026-08-03,PHC015,66,3
2026-08-04,PHC015,52,3
2026-08-05,PHC015,63,3
2026-08-06,PHC015,60,3
2026-08-07,PHC015,52,3
2026-08-08,PHC015,58,3
2026-08-09,PHC015,43,2
2026-08-10,PHC015,68,4
2026-08-11,PHC015,53,3
2026-08-12,PHC015,54,3
2026-08-13,PHC015,50,3
2026-08-14,PHC015,53,3
2026-08-15,PHC015,64,3
2026-08-16,PHC015,43,2
2026-08-17,PHC015,65,3
2026-08-18,PHC015,48,2
2026-08-19,PHC015,54,3
2026-08-20,PHC015,61,3
2026-08-21,PHC015,53,3
2026-08-22,PHC015,61,3
2026-08-23,PHC015,44,2
2026-08-24,PHC015,68,4
2026-08-25,PHC015,64,3
2026-08-26,PHC015,57,3
2026-08-27,PHC015,54,3
2026-03-01,PHC016,53,3
2026-03-02,PHC016,98,5
2026-03-03,PHC016,82,4
2026-03-04,PHC016,90,5
2026-03-05,PHC016,77,4
2026-03-06,PHC016,76,4
2026-03-07,PHC016,83,4
2026-03-08,PHC016,57,3
2026-03-09,PHC016,118,6
2026-03-10,PHC016,81,4
2026-03-11,PHC016,76,4
2026-03-12,PHC016,80,4
2026-03-13,PHC016,89,5
2026-03-14,PHC016,84,5
2026-03-15,PHC016,63,3
2026-03-16,PHC016,96,5
2026-03-17,PHC016,87,5
2026-03-18,PHC016,84,5
2026-03-19,PHC016,70,4
2026-03-20,PHC016,88,5
2026-03-21,PHC016,77,4
2026-03-22,PHC016,65,3
2026-03-23,PHC016,105,6
2026-03-24,PHC016,90,5
2026-03-25,PHC016,74,4
2026-03-26,PHC016,77,4
2026-03-27,PHC016,84,5
2026-03-28,PHC016,70,4
2026-03-29,PHC016,59,3
2026-03-30,PHC016,93,5
2026-03-31,PHC016,87,5
2026-04-01,PHC016,94,5
2026-04-02,PHC016,92,5
2026-04-03,PHC016,92,5
2026-04-04,PHC016,87,5
2026-04-05,PHC016,62,3
2026-04-06,PHC016,103,6
2026-04-07,PHC016,81,4
2026-04-08,PHC016,81,4
2026-04-09,PHC016,96,5
2026-04-10,PHC016,89,5
2026-04-11,PHC016,86,5
2026-04-12,PHC016,54,3
2026-04-13,PHC016,110,6
2026-04-14,PHC016,85,5
2026-04-15,PHC016,94,5
2026-04-16,PHC016,92,5
2026-04-17,PHC016,98,5
2026-04-18,PHC016,84,5
2026-04-19,PHC016,59,3
2026-04-20,PHC016,108,6
2026-04-21,PHC016,92,5
2026-04-22,PHC016,90,5
2026-04-23,PHC016,82,4
2026-04-24,PHC016,87,5
2026-04-25,PHC016,94,5
2026-04-26,PHC016,60,3
2026-04-27,PHC016,107,6
2026-04-28,PHC016,83,4
2026-04-29,PHC016,82,4
2026-04-30,PHC016,78,4
2026-05-01,PHC016,90,5
2026-05-02,PHC016,86,5
2026-05-03,PHC016,54,3
2026-05-04,PHC016,110,6
2026-05-05,PHC016,80,4
2026-05-06,PHC016,73,4
2026-05-07,PHC016,85,5
2026-05-08,PHC016,73,4
2026-05-09,PHC016,86,5
2026-05-10,PHC016,66,3
2026-05-11,PHC016,106,6
2026-05-12,PHC016,76,4
2026-05-13,PHC016,87,5
2026-05-14,PHC016,100,6
2026-05-15,PHC016,76,4
2026-05-16,PHC016,87,5
2026-05-17,PHC016,58,3
2026-05-18,PHC016,98,5
2026-05-19,PHC016,75,4
2026-05-20,PHC016,85,5
2026-05-21,PHC016,69,4
2026-05-22,PHC016,72,4
2026-05-23,PHC016,71,4
2026-05-24,PHC016,55,3
2026-05-25,PHC016,105,6
2026-05-26,PHC016,72,4
2026-05-27,PHC016,71,4
2026-05-28,PHC016,69,4
2026-05-29,PHC016,70,4
2026-05-30,PHC016,92,5
2026-05-31,PHC016,59,3
2026-06-01,PHC016,106,6
2026-06-02,PHC016,87,5
2026-06-03,PHC016,90,5
2026-06-04,PHC016,78,4
2026-06-05,PHC016,67,4
2026-06-06,PHC016,76,4
2026-06-07,PHC016,48,2
2026-06-08,PHC016,91,5
2026-06-09,PHC016,71,4
2026-06-10,PHC016,74,4
2026-06-11,PHC016,70,4
2026-06-12,PHC016,72,4
2026-06-13,PHC016,72,4
2026-06-14,PHC016,47,2
2026-06-15,PHC016,94,5
2026-06-16,PHC016,70,4
2026-06-17,PHC016,82,4
2026-06-18,PHC016,82,4
2026-06-19,PHC016,70,4
2026-06-20,PHC016,71,4
2026-06-21,PHC016,60,3
2026-06-22,PHC016,100,6
2026-06-23,PHC016,75,4
2026-06-24,PHC016,81,4
2026-06-25,PHC016,73,4
2026-06-26,PHC016,64,3
2026-06-27,PHC016,60,3
2026-06-28,PHC016,43,2
2026-06-29,PHC016,84,5
2026-06-30,PHC016,72,4
2026-07-01,PHC016,77,4
2026-07-02,PHC016,86,5
2026-07-03,PHC016,80,4
2026-07-04,PHC016,71,4
2026-07-05,PHC016,40,2
2026-07-06,PHC016,91,5
2026-07-07,PHC016,76,4
2026-07-08,PHC016,66,3
2026-07-09,PHC016,69,4
2026-07-10,PHC016,66,3
2026-07-11,PHC016,74,4
2026-07-12,PHC016,48,2
2026-07-13,PHC016,87,5
2026-07-14,PHC016,68,4
2026-07-15,PHC016,75,4
2026-07-16,PHC016,75,4
2026-07-17,PHC016,76,4
2026-07-18,PHC016,67,4
2026-07-19,PHC016,51,3
2026-07-20,PHC016,83,4
2026-07-21,PHC016,61,3
2026-07-22,PHC016,76,4
2026-07-23,PHC016,68,4
2026-07-24,PHC016,68,4
2026-07-25,PHC016,68,4
2026-07-26,PHC016,47,2
2026-07-27,PHC016,90,5
2026-07-28,PHC016,67,4
2026-07-29,PHC016,72,4
2026-07-30,PHC016,69,4
2026-07-31,PHC016,77,4
2026-08-01,PHC016,62,3
2026-08-02,PHC016,52,3
2026-08-03,PHC016,77,4
2026-08-04,PHC016,67,4
2026-08-05,PHC016,63,3
2026-08-06,PHC016,63,3
2026-08-07,PHC016,74,4
2026-08-08,PHC016,69,4
2026-08-09,PHC016,50,3
2026-08-10,PHC016,96,5
2026-08-11,PHC016,82,4
2026-08-12,PHC016,76,4
2026-08-13,PHC016,80,4
2026-08-14,PHC016,77,4
2026-08-15,PHC016,78,4
2026-08-16,PHC016,51,3
2026-08-17,PHC016,100,6
2026-08-18,PHC016,80,4
2026-08-19,PHC016,69,4
2026-08-20,PHC016,84,5
2026-08-21,PHC016,81,4
2026-08-22,PHC016,73,4
2026-08-23,PHC016,49,2
2026-08-24,PHC016,83,4
2026-08-25,PHC016,82,4
2026-08-26,PHC016,81,4
2026-08-27,PHC016,67,4
2026-03-01,PHC017,45,2
2026-03-02,PHC017,74,4
2026-03-03,PHC017,70,4
2026-03-04,PHC017,67,4
2026-03-05,PHC017,66,3
2026-03-06,PHC017,75,4
2026-03-07,PHC017,66,3
2026-03-08,PHC017,54,3
2026-03-09,PHC017,82,4
2026-03-10,PHC017,61,3
2026-03-11,PHC017,64,3
2026-03-12,PHC017,65,3
2026-03-13,PHC017,62,3
2026-03-14,PHC017,73,4
2026-03-15,PHC017,51,3
2026-03-16,PHC017,81,4
2026-03-17,PHC017,73,4
2026-03-18,PHC017,64,3
2026-03-19,PHC017,70,4
2026-03-20,PHC017,67,4
2026-03-21,PHC017,69,4
2026-03-22,PHC017,47,2
2026-03-23,PHC017,100,4
2026-03-24,PHC017,63,3
2026-03-25,PHC017,80,4
2026-03-26,PHC017,64,3
2026-03-27,PHC017,72,4
2026-03-28,PHC017,70,4
2026-03-29,PHC017,49,2
2026-03-30,PHC017,81,4
2026-03-31,PHC017,81,4
2026-04-01,PHC017,85,4
2026-04-02,PHC017,75,4
2026-04-03,PHC017,67,4
2026-04-04,PHC017,93,4
2026-04-05,PHC017,53,3
2026-04-06,PHC017,97,4
2026-04-07,PHC017,70,4
2026-04-08,PHC017,73,4
2026-04-09,PHC017,69,4
2026-04-10,PHC017,66,3
2026-04-11,PHC017,77,4
2026-04-12,PHC017,54,3
2026-04-13,PHC017,82,4
2026-04-14,PHC017,71,4
2026-04-15,PHC017,73,4
2026-04-16,PHC017,62,3
2026-04-17,PHC017,80,4
2026-04-18,PHC017,81,4
2026-04-19,PHC017,51,3
2026-04-20,PHC017,107,4
2026-04-21,PHC017,82,4
2026-04-22,PHC017,82,4
2026-04-23,PHC017,71,4
2026-04-24,PHC017,72,4
2026-04-25,PHC017,67,4
2026-04-26,PHC017,48,2
2026-04-27,PHC017,83,4
2026-04-28,PHC017,77,4
2026-04-29,PHC017,66,3
2026-04-30,PHC017,72,4
2026-05-01,PHC017,77,4
2026-05-02,PHC017,78,4
2026-05-03,PHC017,54,3
2026-05-04,PHC017,88,4
2026-05-05,PHC017,69,4
2026-05-06,PHC017,65,3
2026-05-07,PHC017,70,4
2026-05-08,PHC017,73,4
2026-05-09,PHC017,69,4
2026-05-10,PHC017,48,2
2026-05-11,PHC017,92,4
2026-05-12,PHC017,77,4
2026-05-13,PHC017,81,4
2026-05-14,PHC017,70,4
2026-05-15,PHC017,73,4
2026-05-16,PHC017,71,4
2026-05-17,PHC017,44,2
2026-05-18,PHC017,88,4
2026-05-19,PHC017,57,3
2026-05-20,PHC017,71,4
2026-05-21,PHC017,68,4
2026-05-22,PHC017,71,4
2026-05-23,PHC017,66,3
2026-05-24,PHC017,51,3
2026-05-25,PHC017,86,4
2026-05-26,PHC017,61,3
2026-05-27,PHC017,69,4
2026-05-28,PHC017,75,4
2026-05-29,PHC017,59,3
2026-05-30,PHC017,69,4
2026-05-31,PHC017,46,2
2026-06-01,PHC017,92,4
2026-06-02,PHC017,75,4
2026-06-03,PHC017,67,4
2026-06-04,PHC017,59,3
2026-06-05,PHC017,63,3
2026-06-06,PHC017,64,3
2026-06-07,PHC017,46,2
2026-06-08,PHC017,95,4
2026-06-09,PHC017,67,4
2026-06-10,PHC017,59,3
2026-06-11,PHC017,60,3
2026-06-12,PHC017,58,3
2026-06-13,PHC017,63,3
2026-06-14,PHC017,49,2
2026-06-15,PHC017,89,4
2026-06-16,PHC017,56,3
2026-06-17,PHC017,67,4
2026-06-18,PHC017,62,3
2026-06-19,PHC017,64,3
2026-06-20,PHC017,68,4
2026-06-21,PHC017,39,2
2026-06-22,PHC017,89,4
2026-06-23,PHC017,61,3
2026-06-24,PHC017,62,3
2026-06-25,PHC017,58,3
2026-06-26,PHC017,56,3
2026-06-27,PHC017,71,4
2026-06-28,PHC017,43,2
2026-06-29,PHC017,89,4
2026-06-30,PHC017,65,3
2026-07-01,PHC017,62,3
2026-07-02,PHC017,55,3
2026-07-03,PHC017,67,4
2026-07-04,PHC017,53,3
2026-07-05,PHC017,46,2
2026-07-06,PHC017,77,4
2026-07-07,PHC017,60,3
2026-07-08,PHC017,62,3
2026-07-09,PHC017,59,3
2026-07-10,PHC017,63,3
2026-07-11,PHC017,68,4
2026-07-12,PHC017,39,2
2026-07-13,PHC017,79,4
2026-07-14,PHC017,58,3
2026-07-15,PHC017,67,4
2026-07-16,PHC017,64,3
2026-07-17,PHC017,58,3
2026-07-18,PHC017,58,3
2026-07-19,PHC017,46,2
2026-07-20,PHC017,83,4
2026-07-21,PHC017,58,3
2026-07-22,PHC017,60,3
2026-07-23,PHC017,61,3
2026-07-24,PHC017,57,3
2026-07-25,PHC017,64,3
2026-07-26,PHC017,48,2
2026-07-27,PHC017,73,4
2026-07-28,PHC017,60,3
2026-07-29,PHC017,55,3
2026-07-30,PHC017,71,4
2026-07-31,PHC017,63,3
2026-08-01,PHC017,56,3
2026-08-02,PHC017,41,2
2026-08-03,PHC017,76,4
2026-08-04,PHC017,70,4
2026-08-05,PHC017,52,3
2026-08-06,PHC017,60,3
2026-08-07,PHC017,66,3
2026-08-08,PHC017,62,3
2026-08-09,PHC017,47,2
2026-08-10,PHC017,78,4
2026-08-11,PHC017,69,4
2026-08-12,PHC017,71,4
2026-08-13,PHC017,62,3
2026-08-14,PHC017,58,3
2026-08-15,PHC017,65,3
2026-08-16,PHC017,49,2
2026-08-17,PHC017,77,4
2026-08-18,PHC017,55,3
2026-08-19,PHC017,66,3
2026-08-20,PHC017,70,4
2026-08-21,PHC017,63,3
2026-08-22,PHC017,60,3
2026-08-23,PHC017,43,2
2026-08-24,PHC017,88,4
2026-08-25,PHC017,73,4
2026-08-26,PHC017,78,4
2026-08-27,PHC017,61,3
2026-03-01,PHC018,65,3
2026-03-02,PHC018,106,4
2026-03-03,PHC018,86,4
2026-03-04,PHC018,94,4
2026-03-05,PHC018,80,4
2026-03-06,PHC018,90,4
2026-03-07,PHC018,89,4
2026-03-08,PHC018,67,4
2026-03-09,PHC018,103,4
2026-03-10,PHC018,87,4
2026-03-11,PHC018,83,4
2026-03-12,PHC018,79,4
2026-03-13,PHC018,74,4
2026-03-14,PHC018,78,4
2026-03-15,PHC018,57,3
2026-03-16,PHC018,107,4
2026-03-17,PHC018,88,4
2026-03-18,PHC018,90,4
2026-03-19,PHC018,92,4
2026-03-20,PHC018,73,4
2026-03-21,PHC018,106,4
2026-03-22,PHC018,64,3
2026-03-23,PHC018,105,4
2026-03-24,PHC018,94,4
2026-03-25,PHC018,103,4
2026-03-26,PHC018,88,4
2026-03-27,PHC018,96,4
2026-03-28,PHC018,87,4
2026-03-29,PHC018,57,3
2026-03-30,PHC018,118,4
2026-03-31,PHC018,98,4
2026-04-01,PHC018,94,4
2026-04-02,PHC018,100,4
2026-04-03,PHC018,91,4
2026-04-04,PHC018,92,4
2026-04-05,PHC018,67,4
2026-04-06,PHC018,119,4
2026-04-07,PHC018,89,4
2026-04-08,PHC018,97,4
2026-04-09,PHC018,83,4
2026-04-10,PHC018,87,4
2026-04-11,PHC018,89,4
2026-04-12,PHC018,61,3
2026-04-13,PHC018,129,4
2026-04-14,PHC018,96,4
2026-04-15,PHC018,101,4
2026-04-16,PHC018,90,4
2026-04-17,PHC018,90,4
2026-04-18,PHC018,75,4
2026-04-19,PHC018,57,3
2026-04-20,PHC018,126,4
2026-04-21,PHC018,102,4
2026-04-22,PHC018,89,4
2026-04-23,PHC018,99,4
2026-04-24,PHC018,95,4
2026-04-25,PHC018,91,4
2026-04-26,PHC018,69,4
2026-04-27,PHC018,129,4
2026-04-28,PHC018,81,4
2026-04-29,PHC018,86,4
2026-04-30,PHC018,95,4
2026-05-01,PHC018,94,4
2026-05-02,PHC018,97,4
2026-05-03,PHC018,68,4
2026-05-04,PHC018,253,4
2026-05-05,PHC018,204,4
2026-05-06,PHC018,185,4
2026-05-07,PHC018,189,4
2026-05-08,PHC018,185,4
2026-05-09,PHC018,178,4
2026-05-10,PHC018,133,4
2026-05-11,PHC018,252,4
2026-05-12,PHC018,199,4
2026-05-13,PHC018,85,4
2026-05-14,PHC018,84,4
2026-05-15,PHC018,84,4
2026-05-16,PHC018,81,4
2026-05-17,PHC018,74,4
2026-05-18,PHC018,115,4
2026-05-19,PHC018,95,4
2026-05-20,PHC018,85,4
2026-05-21,PHC018,75,4
2026-05-22,PHC018,80,4
2026-05-23,PHC018,81,4
2026-05-24,PHC018,61,3
2026-05-25,PHC018,87,4
2026-05-26,PHC018,74,4
2026-05-27,PHC018,79,4
2026-05-28,PHC018,91,4
2026-05-29,PHC018,76,4
2026-05-30,PHC018,76,4
2026-05-31,PHC018,61,3
2026-06-01,PHC018,92,4
2026-06-02,PHC018,77,4
2026-06-03,PHC018,74,4
2026-06-04,PHC018,66,3
2026-06-05,PHC018,77,4
2026-06-06,PHC018,79,4
2026-06-07,PHC018,54,3
2026-06-08,PHC018,115,4
2026-06-09,PHC018,87,4
2026-06-10,PHC018,86,4
2026-06-11,PHC018,85,4
2026-06-12,PHC018,79,4
2026-06-13,PHC018,83,4
2026-06-14,PHC018,52,3
2026-06-15,PHC018,111,4
2026-06-16,PHC018,68,4
2026-06-17,PHC018,78,4
2026-06-18,PHC018,85,4
2026-06-19,PHC018,70,4
2026-06-20,PHC018,86,4
2026-06-21,PHC018,60,3
2026-06-22,PHC018,105,4
2026-06-23,PHC018,68,4
2026-06-24,PHC018,80,4
2026-06-25,PHC018,78,4
2026-06-26,PHC018,83,4
2026-06-27,PHC018,71,4
2026-06-28,PHC018,58,3
2026-06-29,PHC018,219,4
2026-06-30,PHC018,168,4
2026-07-01,PHC018,176,4
2026-07-02,PHC018,179,4
2026-07-03,PHC018,165,4
2026-07-04,PHC018,170,4
2026-07-05,PHC018,112,4
2026-07-06,PHC018,93,4
2026-07-07,PHC018,72,4
2026-07-08,PHC018,84,4
2026-07-09,PHC018,75,4
2026-07-10,PHC018,84,4
2026-07-11,PHC018,78,4
2026-07-12,PHC018,56,3
2026-07-13,PHC018,97,4
2026-07-14,PHC018,61,3
2026-07-15,PHC018,81,4
2026-07-16,PHC018,77,4
2026-07-17,PHC018,71,4
2026-07-18,PHC018,79,4
2026-07-19,PHC018,55,3
2026-07-20,PHC018,87,4
2026-07-21,PHC018,70,4
2026-07-22,PHC018,78,4
2026-07-23,PHC018,76,4
2026-07-24,PHC018,86,4
2026-07-25,PHC018,80,4
2026-07-26,PHC018,55,3
2026-07-27,PHC018,109,4
2026-07-28,PHC018,74,4
2026-07-29,PHC018,80,4
2026-07-30,PHC018,68,4
2026-07-31,PHC018,86,4
2026-08-01,PHC018,80,4
2026-08-02,PHC018,51,3
2026-08-03,PHC018,115,4
2026-08-04,PHC018,72,4
2026-08-05,PHC018,85,4
2026-08-06,PHC018,76,4
2026-08-07,PHC018,66,3
2026-08-08,PHC018,83,4
2026-08-09,PHC018,56,3
2026-08-10,PHC018,83,4
2026-08-11,PHC018,79,4
2026-08-12,PHC018,78,4
2026-08-13,PHC018,80,4
2026-08-14,PHC018,84,4
2026-08-15,PHC018,86,4
2026-08-16,PHC018,54,3
2026-08-17,PHC018,97,4
2026-08-18,PHC018,78,4
2026-08-19,PHC018,89,4
2026-08-20,PHC018,90,4
2026-08-21,PHC018,75,4
2026-08-22,PHC018,75,4
2026-08-23,PHC018,54,3
2026-08-24,PHC018,104,4
2026-08-25,PHC018,91,4
2026-08-26,PHC018,80,4
2026-08-27,PHC018,85,4
2026-03-01,PHC019,51,3
2026-03-02,PHC019,104,4
2026-03-03,PHC019,69,4
2026-03-04,PHC019,91,4
2026-03-05,PHC019,74,4
2026-03-06,PHC019,75,4
2026-03-07,PHC019,83,4
2026-03-08,PHC019,64,3
2026-03-09,PHC019,104,4
2026-03-10,PHC019,83,4
2026-03-11,PHC019,85,4
2026-03-12,PHC019,68,4
2026-03-13,PHC019,76,4
2026-03-14,PHC019,78,4
2026-03-15,PHC019,57,3
2026-03-16,PHC019,121,4
2026-03-17,PHC019,90,4
2026-03-18,PHC019,86,4
2026-03-19,PHC019,88,4
2026-03-20,PHC019,92,4
2026-03-21,PHC019,82,4
2026-03-22,PHC019,64,3
2026-03-23,PHC019,113,4
2026-03-24,PHC019,93,4
2026-03-25,PHC019,102,4
2026-03-26,PHC019,92,4
2026-03-27,PHC019,81,4
2026-03-28,PHC019,85,4
2026-03-29,PHC019,59,3
2026-03-30,PHC019,99,4
2026-03-31,PHC019,88,4
2026-04-01,PHC019,88,4
2026-04-02,PHC019,87,4
2026-04-03,PHC019,91,4
2026-04-04,PHC019,86,4
2026-04-05,PHC019,67,4
2026-04-06,PHC019,107,4
2026-04-07,PHC019,88,4
2026-04-08,PHC019,77,4
2026-04-09,PHC019,88,4
2026-04-10,PHC019,99,4
2026-04-11,PHC019,97,4
2026-04-12,PHC019,56,3
2026-04-13,PHC019,122,4
2026-04-14,PHC019,93,4
2026-04-15,PHC019,102,4
2026-04-16,PHC019,91,4
2026-04-17,PHC019,92,4
2026-04-18,PHC019,84,4
2026-04-19,PHC019,63,3
2026-04-20,PHC019,112,4
2026-04-21,PHC019,101,4
2026-04-22,PHC019,84,4
2026-04-23,PHC019,95,4
2026-04-24,PHC019,84,4
2026-04-25,PHC019,92,4
2026-04-26,PHC019,57,3
2026-04-27,PHC019,100,4
2026-04-28,PHC019,82,4
2026-04-29,PHC019,80,4
2026-04-30,PHC019,101,4
2026-05-01,PHC019,93,4
2026-05-02,PHC019,87,4
2026-05-03,PHC019,66,3
2026-05-04,PHC019,94,4
2026-05-05,PHC019,96,4
2026-05-06,PHC019,70,4
2026-05-07,PHC019,80,4
2026-05-08,PHC019,84,4
2026-05-09,PHC019,79,4
2026-05-10,PHC019,55,3
2026-05-11,PHC019,103,4
2026-05-12,PHC019,84,4
2026-05-13,PHC019,87,4
2026-05-14,PHC019,81,4
2026-05-15,PHC019,90,4
2026-05-16,PHC019,83,4
2026-05-17,PHC019,57,3
2026-05-18,PHC019,111,4
2026-05-19,PHC019,89,4
2026-05-20,PHC019,89,4
2026-05-21,PHC019,72,4
2026-05-22,PHC019,78,4
2026-05-23,PHC019,72,4
2026-05-24,PHC019,58,3
2026-05-25,PHC019,119,4
2026-05-26,PHC019,74,4
2026-05-27,PHC019,74,4
2026-05-28,PHC019,85,4
2026-05-29,PHC019,81,4
2026-05-30,PHC019,72,4
2026-05-31,PHC019,60,3
2026-06-01,PHC019,100,4
2026-06-02,PHC019,85,4
2026-06-03,PHC019,94,4
2026-06-04,PHC019,87,4
2026-06-05,PHC019,80,4
2026-06-06,PHC019,76,4
2026-06-07,PHC019,52,3
2026-06-08,PHC019,91,4
2026-06-09,PHC019,74,4
2026-06-10,PHC019,88,4
2026-06-11,PHC019,79,4
2026-06-12,PHC019,78,4
2026-06-13,PHC019,69,4
2026-06-14,PHC019,51,3
2026-06-15,PHC019,96,4
2026-06-16,PHC019,68,4
2026-06-17,PHC019,78,4
2026-06-18,PHC019,92,4
2026-06-19,PHC019,73,4
2026-06-20,PHC019,77,4
2026-06-21,PHC019,54,3
2026-06-22,PHC019,83,4
2026-06-23,PHC019,82,4
2026-06-24,PHC019,69,4
2026-06-25,PHC019,62,3
2026-06-26,PHC019,66,3
2026-06-27,PHC019,78,4
2026-06-28,PHC019,50,3
2026-06-29,PHC019,92,4
2026-06-30,PHC019,72,4
2026-07-01,PHC019,68,4
2026-07-02,PHC019,80,4
2026-07-03,PHC019,68,4
2026-07-04,PHC019,73,4
2026-07-05,PHC019,49,2
2026-07-06,PHC019,90,4
2026-07-07,PHC019,74,4
2026-07-08,PHC019,74,4
2026-07-09,PHC019,69,4
2026-07-10,PHC019,67,4
2026-07-11,PHC019,75,4
2026-07-12,PHC019,44,2
2026-07-13,PHC019,94,4
2026-07-14,PHC019,76,4
2026-07-15,PHC019,69,4
2026-07-16,PHC019,70,4
2026-07-17,PHC019,76,4
2026-07-18,PHC019,74,4
2026-07-19,PHC019,58,3
2026-07-20,PHC019,93,4
2026-07-21,PHC019,69,4
2026-07-22,PHC019,72,4
2026-07-23,PHC019,70,4
2026-07-24,PHC019,73,4
2026-07-25,PHC019,75,4
2026-07-26,PHC019,49,2
2026-07-27,PHC019,79,4
2026-07-28,PHC019,86,4
2026-07-29,PHC019,72,4
2026-07-30,PHC019,67,4
2026-07-31,PHC019,77,4
2026-08-01,PHC019,78,4
2026-08-02,PHC019,57,3
2026-08-03,PHC019,95,4
2026-08-04,PHC019,68,4
2026-08-05,PHC019,76,4
2026-08-06,PHC019,64,3
2026-08-07,PHC019,71,4
2026-08-08,PHC019,72,4
2026-08-09,PHC019,49,2
2026-08-10,PHC019,88,4
2026-08-11,PHC019,70,4
2026-08-12,PHC019,84,4
2026-08-13,PHC019,79,4
2026-08-14,PHC019,78,4
2026-08-15,PHC019,76,4
2026-08-16,PHC019,55,3
2026-08-17,PHC019,93,4
2026-08-18,PHC019,73,4
2026-08-19,PHC019,87,4
2026-08-20,PHC019,73,4
2026-08-21,PHC019,82,4
2026-08-22,PHC019,89,4
2026-08-23,PHC019,61,3
2026-08-24,PHC019,90,4
2026-08-25,PHC019,74,4
2026-08-26,PHC019,63,3
2026-08-27,PHC019,90,4
2026-03-01,PHC020,51,3
2026-03-02,PHC020,88,4
2026-03-03,PHC020,69,4
2026-03-04,PHC020,76,4
2026-03-05,PHC020,74,4
2026-03-06,PHC020,68,4
2026-03-07,PHC020,64,3
2026-03-08,PHC020,54,3
2026-03-09,PHC020,87,4
2026-03-10,PHC020,70,4
2026-03-11,PHC020,78,4
2026-03-12,PHC020,67,4
2026-03-13,PHC020,66,3
2026-03-14,PHC020,76,4
2026-03-15,PHC020,49,2
2026-03-16,PHC020,104,4
2026-03-17,PHC020,71,4
2026-03-18,PHC020,70,4
2026-03-19,PHC020,82,4
2026-03-20,PHC020,79,4
2026-03-21,PHC020,80,4
2026-03-22,PHC020,58,3
2026-03-23,PHC020,101,4
2026-03-24,PHC020,79,4
2026-03-25,PHC020,73,4
2026-03-26,PHC020,81,4
2026-03-27,PHC020,75,4
2026-03-28,PHC020,93,4
2026-03-29,PHC020,63,3
2026-03-30,PHC020,111,4
2026-03-31,PHC020,76,4
2026-04-01,PHC020,78,4
2026-04-02,PHC020,69,4
2026-04-03,PHC020,82,4
2026-04-04,PHC020,79,4
2026-04-05,PHC020,55,3
2026-04-06,PHC020,95,4
2026-04-07,PHC020,65,3
2026-04-08,PHC020,80,4
2026-04-09,PHC020,80,4
2026-04-10,PHC020,84,4
2026-04-11,PHC020,75,4
2026-04-12,PHC020,59,3
2026-04-13,PHC020,117,4
2026-04-14,PHC020,90,4
2026-04-15,PHC020,76,4
2026-04-16,PHC020,71,4
2026-04-17,PHC020,80,4
2026-04-18,PHC020,85,4
2026-04-19,PHC020,52,3
2026-04-20,PHC020,108,4
2026-04-21,PHC020,96,4
2026-04-22,PHC020,84,4
2026-04-23,PHC020,86,4
2026-04-24,PHC020,80,4
2026-04-25,PHC020,76,4
2026-04-26,PHC020,49,2
2026-04-27,PHC020,97,4
2026-04-28,PHC020,76,4
2026-04-29,PHC020,74,4
2026-04-30,PHC020,89,4
2026-05-01,PHC020,86,4
2026-05-02,PHC020,77,4
2026-05-03,PHC020,53,3
2026-05-04,PHC020,99,4
2026-05-05,PHC020,78,4
2026-05-06,PHC020,76,4
2026-05-07,PHC020,78,4
2026-05-08,PHC020,83,4
2026-05-09,PHC020,78,4
2026-05-10,PHC020,60,3
2026-05-11,PHC020,99,4
2026-05-12,PHC020,79,4
2026-05-13,PHC020,75,4
2026-05-14,PHC020,84,4
2026-05-15,PHC020,80,4
2026-05-16,PHC020,75,4
2026-05-17,PHC020,50,3
2026-05-18,PHC020,98,4
2026-05-19,PHC020,72,4
2026-05-20,PHC020,79,4
2026-05-21,PHC020,75,4
2026-05-22,PHC020,83,4
2026-05-23,PHC020,69,4
2026-05-24,PHC020,57,3
2026-05-25,PHC020,86,4
2026-05-26,PHC020,69,4
2026-05-27,PHC020,82,4
2026-05-28,PHC020,74,4
2026-05-29,PHC020,74,4
2026-05-30,PHC020,64,3
2026-05-31,PHC020,48,2
2026-06-01,PHC020,83,4
2026-06-02,PHC020,71,4
2026-06-03,PHC020,81,4
2026-06-04,PHC020,70,4
2026-06-05,PHC020,62,3
2026-06-06,PHC020,69,4
2026-06-07,PHC020,42,2
2026-06-08,PHC020,98,4
2026-06-09,PHC020,69,4
2026-06-10,PHC020,69,4
2026-06-11,PHC020,71,4
2026-06-12,PHC020,81,4
2026-06-13,PHC020,73,4
2026-06-14,PHC020,47,2
2026-06-15,PHC020,84,4
2026-06-16,PHC020,66,3
2026-06-17,PHC020,61,3
2026-06-18,PHC020,59,3
2026-06-19,PHC020,77,4
2026-06-20,PHC020,71,4
2026-06-21,PHC020,47,2
2026-06-22,PHC020,86,4
2026-06-23,PHC020,56,3
2026-06-24,PHC020,63,3
2026-06-25,PHC020,68,4
2026-06-26,PHC020,68,4
2026-06-27,PHC020,64,3
2026-06-28,PHC020,46,2
2026-06-29,PHC020,89,4
2026-06-30,PHC020,76,4
2026-07-01,PHC020,69,4
2026-07-02,PHC020,75,4
2026-07-03,PHC020,59,3
2026-07-04,PHC020,63,3
2026-07-05,PHC020,45,2
2026-07-06,PHC020,74,4
2026-07-07,PHC020,69,4
2026-07-08,PHC020,61,3
2026-07-09,PHC020,63,3
2026-07-10,PHC020,63,3
2026-07-11,PHC020,59,3
2026-07-12,PHC020,52,3
2026-07-13,PHC020,80,4
2026-07-14,PHC020,69,4
2026-07-15,PHC020,65,3
2026-07-16,PHC020,61,3
2026-07-17,PHC020,66,3
2026-07-18,PHC020,63,3
2026-07-19,PHC020,46,2
2026-07-20,PHC020,94,4
2026-07-21,PHC020,59,3
2026-07-22,PHC020,52,3
2026-07-23,PHC020,62,3
2026-07-24,PHC020,64,3
2026-07-25,PHC020,60,3
2026-07-26,PHC020,45,2
2026-07-27,PHC020,85,4
2026-07-28,PHC020,64,3
2026-07-29,PHC020,62,3
2026-07-30,PHC020,68,4
2026-07-31,PHC020,71,4
2026-08-01,PHC020,74,4
2026-08-02,PHC020,99,4
2026-08-03,PHC020,184,4
2026-08-04,PHC020,170,4
2026-08-05,PHC020,154,4
2026-08-06,PHC020,159,4
2026-08-07,PHC020,143,4
2026-08-08,PHC020,167,4
2026-08-09,PHC020,94,4
2026-08-10,PHC020,79,4
2026-08-11,PHC020,74,4
2026-08-12,PHC020,73,4
2026-08-13,PHC020,72,4
2026-08-14,PHC020,62,3
2026-08-15,PHC020,74,4
2026-08-16,PHC020,41,2
2026-08-17,PHC020,87,4
2026-08-18,PHC020,80,4
2026-08-19,PHC020,75,4
2026-08-20,PHC020,76,4
2026-08-21,PHC020,68,4
2026-08-22,PHC020,70,4
2026-08-23,PHC020,52,3
2026-08-24,PHC020,84,4
2026-08-25,PHC020,75,4
2026-08-26,PHC020,84,4
2026-08-27,PHC020,80,4
2026-03-01,PHC021,44,2
2026-03-02,PHC021,75,4
2026-03-03,PHC021,72,4
2026-03-04,PHC021,73,4
2026-03-05,PHC021,69,4
2026-03-06,PHC021,62,3
2026-03-07,PHC021,63,3
2026-03-08,PHC021,45,2
2026-03-09,PHC021,79,4
2026-03-10,PHC021,63,3
2026-03-11,PHC021,67,4
2026-03-12,PHC021,60,3
2026-03-13,PHC021,67,4
2026-03-14,PHC021,59,3
2026-03-15,PHC021,48,2
2026-03-16,PHC021,77,4
2026-03-17,PHC021,82,4
2026-03-18,PHC021,75,4
2026-03-19,PHC021,59,3
2026-03-20,PHC021,73,4
2026-03-21,PHC021,74,4
2026-03-22,PHC021,51,3
2026-03-23,PHC021,87,4
2026-03-24,PHC021,79,4
2026-03-25,PHC021,75,4
2026-03-26,PHC021,72,4
2026-03-27,PHC021,66,3
2026-03-28,PHC021,71,4
2026-03-29,PHC021,38,2
2026-03-30,PHC021,88,4
2026-03-31,PHC021,63,3
2026-04-01,PHC021,84,4
2026-04-02,PHC021,70,4
2026-04-03,PHC021,68,4
2026-04-04,PHC021,64,3
2026-04-05,PHC021,43,2
2026-04-06,PHC021,86,4
2026-04-07,PHC021,76,4
2026-04-08,PHC021,72,4
2026-04-09,PHC021,75,4
2026-04-10,PHC021,77,4
2026-04-11,PHC021,73,4
2026-04-12,PHC021,45,2
2026-04-13,PHC021,96,4
2026-04-14,PHC021,86,4
2026-04-15,PHC021,64,3
2026-04-16,PHC021,62,3
2026-04-17,PHC021,85,4
2026-04-18,PHC021,75,4
2026-04-19,PHC021,49,2
2026-04-20,PHC021,95,4
2026-04-21,PHC021,71,4
2026-04-22,PHC021,73,4
2026-04-23,PHC021,72,4
2026-04-24,PHC021,68,4
2026-04-25,PHC021,74,4
2026-04-26,PHC021,45,2
2026-04-27,PHC021,87,4
2026-04-28,PHC021,77,4
2026-04-29,PHC021,70,4
2026-04-30,PHC021,70,4
2026-05-01,PHC021,73,4
2026-05-02,PHC021,75,4
2026-05-03,PHC021,42,2
2026-05-04,PHC021,88,4
2026-05-05,PHC021,67,4
2026-05-06,PHC021,78,4
2026-05-07,PHC021,71,4
2026-05-08,PHC021,67,4
2026-05-09,PHC021,62,3
2026-05-10,PHC021,52,3
2026-05-11,PHC021,82,4
2026-05-12,PHC021,71,4
2026-05-13,PHC021,79,4
2026-05-14,PHC021,85,4
2026-05-15,PHC021,71,4
2026-05-16,PHC021,65,3
2026-05-17,PHC021,46,2
2026-05-18,PHC021,80,4
2026-05-19,PHC021,67,4
2026-05-20,PHC021,68,4
2026-05-21,PHC021,59,3
2026-05-22,PHC021,66,3
2026-05-23,PHC021,63,3
2026-05-24,PHC021,47,2
2026-05-25,PHC021,83,4
2026-05-26,PHC021,65,3
2026-05-27,PHC021,57,3
2026-05-28,PHC021,71,4
2026-05-29,PHC021,57,3
2026-05-30,PHC021,71,4
2026-05-31,PHC021,46,2
2026-06-01,PHC021,90,4
2026-06-02,PHC021,60,3
2026-06-03,PHC021,72,4
2026-06-04,PHC021,65,3
2026-06-05,PHC021,61,3
2026-06-06,PHC021,65,3
2026-06-07,PHC021,47,2
2026-06-08,PHC021,81,4
2026-06-09,PHC021,56,3
2026-06-10,PHC021,64,3
2026-06-11,PHC021,58,3
2026-06-12,PHC021,66,3
2026-06-13,PHC021,65,3
2026-06-14,PHC021,45,2
2026-06-15,PHC021,68,4
2026-06-16,PHC021,63,3
2026-06-17,PHC021,63,3
2026-06-18,PHC021,58,3
2026-06-19,PHC021,63,3
2026-06-20,PHC021,61,3
2026-06-21,PHC021,44,2
2026-06-22,PHC021,73,4
2026-06-23,PHC021,59,3
2026-06-24,PHC021,60,3
2026-06-25,PHC021,71,4
2026-06-26,PHC021,61,3
2026-06-27,PHC021,61,3
2026-06-28,PHC021,43,2
2026-06-29,PHC021,74,4
2026-06-30,PHC021,55,3
2026-07-01,PHC021,56,3
2026-07-02,PHC021,62,3
2026-07-03,PHC021,57,3
2026-07-04,PHC021,59,3
2026-07-05,PHC021,47,2
2026-07-06,PHC021,75,4
2026-07-07,PHC021,62,3
2026-07-08,PHC021,56,3
2026-07-09,PHC021,48,2
2026-07-10,PHC021,55,3
2026-07-11,PHC021,57,3
2026-07-12,PHC021,37,2
2026-07-13,PHC021,74,4
2026-07-14,PHC021,57,3
2026-07-15,PHC021,60,3
2026-07-16,PHC021,64,3
2026-07-17,PHC021,55,3
2026-07-18,PHC021,60,3
2026-07-19,PHC021,42,2
2026-07-20,PHC021,71,4
2026-07-21,PHC021,57,3
2026-07-22,PHC021,60,3
2026-07-23,PHC021,64,3
2026-07-24,PHC021,55,3
2026-07-25,PHC021,62,3
2026-07-26,PHC021,43,2
2026-07-27,PHC021,65,3
2026-07-28,PHC021,52,3
2026-07-29,PHC021,64,3
2026-07-30,PHC021,64,3
2026-07-31,PHC021,60,3
2026-08-01,PHC021,58,3
2026-08-02,PHC021,42,2
2026-08-03,PHC021,81,4
2026-08-04,PHC021,60,3
2026-08-05,PHC021,71,4
2026-08-06,PHC021,58,3
2026-08-07,PHC021,54,3
2026-08-08,PHC021,61,3
2026-08-09,PHC021,40,2
2026-08-10,PHC021,80,4
2026-08-11,PHC021,63,3
2026-08-12,PHC021,63,3
2026-08-13,PHC021,57,3
2026-08-14,PHC021,59,3
2026-08-15,PHC021,67,4
2026-08-16,PHC021,45,2
2026-08-17,PHC021,87,4
2026-08-18,PHC021,66,3
2026-08-19,PHC021,64,3
2026-08-20,PHC021,66,3
2026-08-21,PHC021,75,4
2026-08-22,PHC021,64,3
2026-08-23,PHC021,44,2
2026-08-24,PHC021,68,4
2026-08-25,PHC021,61,3
2026-08-26,PHC021,63,3
2026-08-27,PHC021,65,3
2026-03-01,PHC022,50,3
2026-03-02,PHC022,87,4
2026-03-03,PHC022,66,3
2026-03-04,PHC022,74,4
2026-03-05,PHC022,72,4
2026-03-06,PHC022,72,4
2026-03-07,PHC022,63,3
2026-03-08,PHC022,41,2
2026-03-09,PHC022,91,4
2026-03-10,PHC022,75,4
2026-03-11,PHC022,59,3
2026-03-12,PHC022,55,3
2026-03-13,PHC022,67,4
2026-03-14,PHC022,72,4
2026-03-15,PHC022,45,2
2026-03-16,PHC022,79,4
2026-03-17,PHC022,79,4
2026-03-18,PHC022,69,4
2026-03-19,PHC022,69,4
2026-03-20,PHC022,78,4
2026-03-21,PHC022,75,4
2026-03-22,PHC022,55,3
2026-03-23,PHC022,86,4
2026-03-24,PHC022,72,4
2026-03-25,PHC022,75,4
2026-03-26,PHC022,75,4
2026-03-27,PHC022,72,4
2026-03-28,PHC022,63,3
2026-03-29,PHC022,59,3
2026-03-30,PHC022,93,4
2026-03-31,PHC022,72,4
2026-04-01,PHC022,82,4
2026-04-02,PHC022,77,4
2026-04-03,PHC022,69,4
2026-04-04,PHC022,66,3
2026-04-05,PHC022,59,3
2026-04-06,PHC022,101,4
2026-04-07,PHC022,76,4
2026-04-08,PHC022,69,4
2026-04-09,PHC022,77,4
2026-04-10,PHC022,72,4
2026-04-11,PHC022,58,3
2026-04-12,PHC022,54,3
2026-04-13,PHC022,89,4
2026-04-14,PHC022,84,4
2026-04-15,PHC022,74,4
2026-04-16,PHC022,65,3
2026-04-17,PHC022,70,4
2026-04-18,PHC022,73,4
2026-04-19,PHC022,47,2
2026-04-20,PHC022,93,4
2026-04-21,PHC022,82,4
2026-04-22,PHC022,79,4
2026-04-23,PHC022,76,4
2026-04-24,PHC022,80,4
2026-04-25,PHC022,73,4
2026-04-26,PHC022,52,3
2026-04-27,PHC022,93,4
2026-04-28,PHC022,64,3
2026-04-29,PHC022,75,4
2026-04-30,PHC022,74,4
2026-05-01,PHC022,77,4
2026-05-02,PHC022,72,4
2026-05-03,PHC022,56,3
2026-05-04,PHC022,94,4
2026-05-05,PHC022,80,4
2026-05-06,PHC022,72,4
2026-05-07,PHC022,78,4
2026-05-08,PHC022,74,4
2026-05-09,PHC022,83,4
2026-05-10,PHC022,39,2
2026-05-11,PHC022,87,4
2026-05-12,PHC022,65,3
2026-05-13,PHC022,67,4
2026-05-14,PHC022,78,4
2026-05-15,PHC022,70,4
2026-05-16,PHC022,67,4
2026-05-17,PHC022,45,2
2026-05-18,PHC022,89,4
2026-05-19,PHC022,67,4
2026-05-20,PHC022,79,4
2026-05-21,PHC022,73,4
2026-05-22,PHC022,78,4
2026-05-23,PHC022,60,3
2026-05-24,PHC022,52,3
2026-05-25,PHC022,93,4
2026-05-26,PHC022,64,3
2026-05-27,PHC022,70,4
2026-05-28,PHC022,71,4
2026-05-29,PHC022,63,3
2026-05-30,PHC022,65,3
2026-05-31,PHC022,50,3
2026-06-01,PHC022,79,4
2026-06-02,PHC022,80,4
2026-06-03,PHC022,63,3
2026-06-04,PHC022,58,3
2026-06-05,PHC022,69,4
2026-06-06,PHC022,71,4
2026-06-07,PHC022,46,2
2026-06-08,PHC022,80,4
2026-06-09,PHC022,71,4
2026-06-10,PHC022,62,3
2026-06-11,PHC022,65,3
2026-06-12,PHC022,72,4
2026-06-13,PHC022,59,3
2026-06-14,PHC022,43,2
2026-06-15,PHC022,78,4
2026-06-16,PHC022,68,4
2026-06-17,PHC022,62,3
2026-06-18,PHC022,72,4
2026-06-19,PHC022,61,3
2026-06-20,PHC022,61,3
2026-06-21,PHC022,44,2
2026-06-22,PHC022,75,4
2026-06-23,PHC022,63,3
2026-06-24,PHC022,62,3
2026-06-25,PHC022,58,3
2026-06-26,PHC022,67,4
2026-06-27,PHC022,59,3
2026-06-28,PHC022,45,2
2026-06-29,PHC022,78,4
2026-06-30,PHC022,56,3
2026-07-01,PHC022,55,3
2026-07-02,PHC022,59,3
2026-07-03,PHC022,57,3
2026-07-04,PHC022,61,3
2026-07-05,PHC022,44,2
2026-07-06,PHC022,68,4
2026-07-07,PHC022,60,3
2026-07-08,PHC022,59,3
2026-07-09,PHC022,63,3
2026-07-10,PHC022,54,3
2026-07-11,PHC022,58,3
2026-07-12,PHC022,39,2
2026-07-13,PHC022,80,4
2026-07-14,PHC022,56,3
2026-07-15,PHC022,55,3
2026-07-16,PHC022,59,3
2026-07-17,PHC022,62,3
2026-07-18,PHC022,53,3
2026-07-19,PHC022,44,2
2026-07-20,PHC022,70,4
2026-07-21,PHC022,67,4
2026-07-22,PHC022,63,3
2026-07-23,PHC022,69,4
2026-07-24,PHC022,54,3
2026-07-25,PHC022,57,3
2026-07-26,PHC022,43,2
2026-07-27,PHC022,88,4
2026-07-28,PHC022,63,3
2026-07-29,PHC022,66,3
2026-07-30,PHC022,50,3
2026-07-31,PHC022,55,3
2026-08-01,PHC022,66,3
2026-08-02,PHC022,36,2
2026-08-03,PHC022,70,4
2026-08-04,PHC022,68,4
2026-08-05,PHC022,75,4
2026-08-06,PHC022,54,3
2026-08-07,PHC022,137,4
2026-08-08,PHC022,126,4
2026-08-09,PHC022,100,4
2026-08-10,PHC022,168,4
2026-08-11,PHC022,147,4
2026-08-12,PHC022,129,4
2026-08-13,PHC022,144,4
2026-08-14,PHC022,60,3
2026-08-15,PHC022,58,3
2026-08-16,PHC022,43,2
2026-08-17,PHC022,81,4
2026-08-18,PHC022,59,3
2026-08-19,PHC022,60,3
2026-08-20,PHC022,63,3
2026-08-21,PHC022,67,4
2026-08-22,PHC022,64,3
2026-08-23,PHC022,41,2
2026-08-24,PHC022,81,4
2026-08-25,PHC022,67,4
2026-08-26,PHC022,60,3
2026-08-27,PHC022,62,3
2026-03-01,PHC023,53,3
2026-03-02,PHC023,90,5
2026-03-03,PHC023,65,3
2026-03-04,PHC023,71,4
2026-03-05,PHC023,66,3
2026-03-06,PHC023,77,4
2026-03-07,PHC023,76,4
2026-03-08,PHC023,47,2
2026-03-09,PHC023,86,5
2026-03-10,PHC023,81,4
2026-03-11,PHC023,71,4
2026-03-12,PHC023,80,4
2026-03-13,PHC023,69,4
2026-03-14,PHC023,72,4
2026-03-15,PHC023,52,3
2026-03-16,PHC023,87,5
2026-03-17,PHC023,64,3
2026-03-18,PHC023,77,4
2026-03-19,PHC023,76,4
2026-03-20,PHC023,87,5
2026-03-21,PHC023,75,4
2026-03-22,PHC023,49,2
2026-03-23,PHC023,71,4
2026-03-24,PHC023,73,4
2026-03-25,PHC023,76,4
2026-03-26,PHC023,78,4
2026-03-27,PHC023,67,4
2026-03-28,PHC023,75,4
2026-03-29,PHC023,61,3
2026-03-30,PHC023,96,5
2026-03-31,PHC023,67,4
2026-04-01,PHC023,80,4
2026-04-02,PHC023,82,4
2026-04-03,PHC023,72,4
2026-04-04,PHC023,80,4
2026-04-05,PHC023,54,3
2026-04-06,PHC023,87,5
2026-04-07,PHC023,79,4
2026-04-08,PHC023,70,4
2026-04-09,PHC023,81,4
2026-04-10,PHC023,78,4
2026-04-11,PHC023,82,4
2026-04-12,PHC023,48,2
2026-04-13,PHC023,95,5
2026-04-14,PHC023,82,4
2026-04-15,PHC023,84,5
2026-04-16,PHC023,75,4
2026-04-17,PHC023,79,4
2026-04-18,PHC023,77,4
2026-04-19,PHC023,62,3
2026-04-20,PHC023,91,5
2026-04-21,PHC023,82,4
2026-04-22,PHC023,83,4
2026-04-23,PHC023,79,4
2026-04-24,PHC023,75,4
2026-04-25,PHC023,70,4
2026-04-26,PHC023,53,3
2026-04-27,PHC023,107,6
2026-04-28,PHC023,78,4
2026-04-29,PHC023,168,6
2026-04-30,PHC023,193,6
2026-05-01,PHC023,182,6
2026-05-02,PHC023,170,6
2026-05-03,PHC023,104,6
2026-05-04,PHC023,198,6
2026-05-05,PHC023,164,6
2026-05-06,PHC023,160,6
2026-05-07,PHC023,72,4
2026-05-08,PHC023,78,4
2026-05-09,PHC023,68,4
2026-05-10,PHC023,53,3
2026-05-11,PHC023,92,5
2026-05-12,PHC023,70,4
2026-05-13,PHC023,67,4
2026-05-14,PHC023,78,4
2026-05-15,PHC023,87,5
2026-05-16,PHC023,74,4
2026-05-17,PHC023,47,2
2026-05-18,PHC023,83,4
2026-05-19,PHC023,62,3
2026-05-20,PHC023,71,4
2026-05-21,PHC023,74,4
2026-05-22,PHC023,74,4
2026-05-23,PHC023,65,3
2026-05-24,PHC023,47,2
2026-05-25,PHC023,90,5
2026-05-26,PHC023,68,4
2026-05-27,PHC023,78,4
2026-05-28,PHC023,73,4
2026-05-29,PHC023,72,4
2026-05-30,PHC023,62,3
2026-05-31,PHC023,48,2
2026-06-01,PHC023,86,5
2026-06-02,PHC023,74,4
2026-06-03,PHC023,160,6
2026-06-04,PHC023,167,6
2026-06-05,PHC023,155,6
2026-06-06,PHC023,158,6
2026-06-07,PHC023,104,6
2026-06-08,PHC023,188,6
2026-06-09,PHC023,144,6
2026-06-10,PHC023,153,6
2026-06-11,PHC023,65,3
2026-06-12,PHC023,70,4
2026-06-13,PHC023,69,4
2026-06-14,PHC023,52,3
2026-06-15,PHC023,80,4
2026-06-16,PHC023,70,4
2026-06-17,PHC023,63,3
2026-06-18,PHC023,57,3
2026-06-19,PHC023,63,3
2026-06-20,PHC023,61,3
2026-06-21,PHC023,45,2
2026-06-22,PHC023,82,4
2026-06-23,PHC023,60,3
2026-06-24,PHC023,63,3
2026-06-25,PHC023,54,3
2026-06-26,PHC023,74,4
2026-06-27,PHC023,67,4
2026-06-28,PHC023,43,2
2026-06-29,PHC023,78,4
2026-06-30,PHC023,68,4
2026-07-01,PHC023,64,3
2026-07-02,PHC023,66,3
2026-07-03,PHC023,60,3
2026-07-04,PHC023,50,3
2026-07-05,PHC023,43,2
2026-07-06,PHC023,70,4
2026-07-07,PHC023,64,3
2026-07-08,PHC023,64,3
2026-07-09,PHC023,63,3
2026-07-10,PHC023,65,3
2026-07-11,PHC023,62,3
2026-07-12,PHC023,47,2
2026-07-13,PHC023,89,5
2026-07-14,PHC023,58,3
2026-07-15,PHC023,67,4
2026-07-16,PHC023,58,3
2026-07-17,PHC023,66,3
2026-07-18,PHC023,58,3
2026-07-19,PHC023,44,2
2026-07-20,PHC023,76,4
2026-07-21,PHC023,62,3
2026-07-22,PHC023,65,3
2026-07-23,PHC023,63,3
2026-07-24,PHC023,62,3
2026-07-25,PHC023,69,4
2026-07-26,PHC023,43,2
2026-07-27,PHC023,75,4
2026-07-28,PHC023,64,3
2026-07-29,PHC023,66,3
2026-07-30,PHC023,67,4
2026-07-31,PHC023,78,4
2026-08-01,PHC023,72,4
2026-08-02,PHC023,43,2
2026-08-03,PHC023,83,4
2026-08-04,PHC023,59,3
2026-08-05,PHC023,50,3
2026-08-06,PHC023,70,4
2026-08-07,PHC023,63,3
2026-08-08,PHC023,63,3
2026-08-09,PHC023,42,2
2026-08-10,PHC023,79,4
2026-08-11,PHC023,66,3
2026-08-12,PHC023,55,3
2026-08-13,PHC023,74,4
2026-08-14,PHC023,64,3
2026-08-15,PHC023,65,3
2026-08-16,PHC023,46,2
2026-08-17,PHC023,96,5
2026-08-18,PHC023,70,4
2026-08-19,PHC023,61,3
2026-08-20,PHC023,75,4
2026-08-21,PHC023,59,3
2026-08-22,PHC023,70,4
2026-08-23,PHC023,50,3
2026-08-24,PHC023,79,4
2026-08-25,PHC023,75,4
2026-08-26,PHC023,67,4
2026-08-27,PHC023,79,4
2026-03-01,PHC024,51,3
2026-03-02,PHC024,106,4
2026-03-03,PHC024,84,4
2026-03-04,PHC024,75,4
2026-03-05,PHC024,67,4
2026-03-06,PHC024,77,4
2026-03-07,PHC024,66,3
2026-03-08,PHC024,56,3
2026-03-09,PHC024,90,4
2026-03-10,PHC024,68,4
2026-03-11,PHC024,85,4
2026-03-12,PHC024,76,4
2026-03-13,PHC024,82,4
2026-03-14,PHC024,73,4
2026-03-15,PHC024,55,3
2026-03-16,PHC024,93,4
2026-03-17,PHC024,66,3
2026-03-18,PHC024,72,4
2026-03-19,PHC024,77,4
2026-03-20,PHC024,94,4
2026-03-21,PHC024,84,4
2026-03-22,PHC024,54,3
2026-03-23,PHC024,96,4
2026-03-24,PHC024,77,4
2026-03-25,PHC024,88,4
2026-03-26,PHC024,75,4
2026-03-27,PHC024,81,4
2026-03-28,PHC024,74,4
2026-03-29,PHC024,57,3
2026-03-30,PHC024,106,4
2026-03-31,PHC024,84,4
2026-04-01,PHC024,87,4
2026-04-02,PHC024,80,4
2026-04-03,PHC024,90,4
2026-04-04,PHC024,84,4
2026-04-05,PHC024,62,3
2026-04-06,PHC024,106,4
2026-04-07,PHC024,83,4
2026-04-08,PHC024,90,4
2026-04-09,PHC024,63,3
2026-04-10,PHC024,68,4
2026-04-11,PHC024,78,4
2026-04-12,PHC024,51,3
2026-04-13,PHC024,108,4
2026-04-14,PHC024,74,4
2026-04-15,PHC024,81,4
2026-04-16,PHC024,76,4
2026-04-17,PHC024,92,4
2026-04-18,PHC024,85,4
2026-04-19,PHC024,55,3
2026-04-20,PHC024,113,4
2026-04-21,PHC024,81,4
2026-04-22,PHC024,81,4
2026-04-23,PHC024,84,4
2026-04-24,PHC024,87,4
2026-04-25,PHC024,77,4
2026-04-26,PHC024,54,3
2026-04-27,PHC024,94,4
2026-04-28,PHC024,71,4
2026-04-29,PHC024,89,4
2026-04-30,PHC024,81,4
2026-05-01,PHC024,87,4
2026-05-02,PHC024,79,4
2026-05-03,PHC024,58,3
2026-05-04,PHC024,96,4
2026-05-05,PHC024,78,4
2026-05-06,PHC024,77,4
2026-05-07,PHC024,86,4
2026-05-08,PHC024,76,4
2026-05-09,PHC024,80,4
2026-05-10,PHC024,53,3
2026-05-11,PHC024,101,4
2026-05-12,PHC024,73,4
2026-05-13,PHC024,91,4
2026-05-14,PHC024,72,4
2026-05-15,PHC024,81,4
2026-05-16,PHC024,81,4
2026-05-17,PHC024,56,3
2026-05-18,PHC024,109,4
2026-05-19,PHC024,77,4
2026-05-20,PHC024,71,4
2026-05-21,PHC024,75,4
2026-05-22,PHC024,78,4
2026-05-23,PHC024,82,4
2026-05-24,PHC024,50,3
2026-05-25,PHC024,95,4
2026-05-26,PHC024,77,4
2026-05-27,PHC024,73,4
2026-05-28,PHC024,80,4
2026-05-29,PHC024,78,4
2026-05-30,PHC024,72,4
2026-05-31,PHC024,53,3
2026-06-01,PHC024,95,4
2026-06-02,PHC024,80,4
2026-06-03,PHC024,73,4
2026-06-04,PHC024,73,4
2026-06-05,PHC024,73,4
2026-06-06,PHC024,80,4
2026-06-07,PHC024,55,3
2026-06-08,PHC024,80,4
2026-06-09,PHC024,64,3
2026-06-10,PHC024,69,4
2026-06-11,PHC024,79,4
2026-06-12,PHC024,74,4
2026-06-13,PHC024,64,3
2026-06-14,PHC024,51,3
2026-06-15,PHC024,96,4
2026-06-16,PHC024,79,4
2026-06-17,PHC024,72,4
2026-06-18,PHC024,72,4
2026-06-19,PHC024,66,3
2026-06-20,PHC024,59,3
2026-06-21,PHC024,46,2
2026-06-22,PHC024,78,4
2026-06-23,PHC024,71,4
2026-06-24,PHC024,60,3
2026-06-25,PHC024,78,4
2026-06-26,PHC024,66,3
2026-06-27,PHC024,73,4
2026-06-28,PHC024,53,3
2026-06-29,PHC024,89,4
2026-06-30,PHC024,63,3
2026-07-01,PHC024,73,4
2026-07-02,PHC024,66,3
2026-07-03,PHC024,53,3
2026-07-04,PHC024,72,4
2026-07-05,PHC024,43,2
2026-07-06,PHC024,88,4
2026-07-07,PHC024,73,4
2026-07-08,PHC024,62,3
2026-07-09,PHC024,65,3
2026-07-10,PHC024,70,4
2026-07-11,PHC024,63,3
2026-07-12,PHC024,42,2
2026-07-13,PHC024,86,4
2026-07-14,PHC024,68,4
2026-07-15,PHC024,62,3
2026-07-16,PHC024,66,3
2026-07-17,PHC024,71,4
2026-07-18,PHC024,62,3
2026-07-19,PHC024,49,2
2026-07-20,PHC024,82,4
2026-07-21,PHC024,62,3
2026-07-22,PHC024,60,3
2026-07-23,PHC024,70,4
2026-07-24,PHC024,75,4
2026-07-25,PHC024,73,4
2026-07-26,PHC024,45,2
2026-07-27,PHC024,86,4
2026-07-28,PHC024,64,3
2026-07-29,PHC024,66,3
2026-07-30,PHC024,67,4
2026-07-31,PHC024,76,4
2026-08-01,PHC024,65,3
2026-08-02,PHC024,53,3
2026-08-03,PHC024,78,4
2026-08-04,PHC024,63,3
2026-08-05,PHC024,66,3
2026-08-06,PHC024,64,3
2026-08-07,PHC024,66,3
2026-08-08,PHC024,69,4
2026-08-09,PHC024,49,2
2026-08-10,PHC024,90,4
2026-08-11,PHC024,68,4
2026-08-12,PHC024,76,4
2026-08-13,PHC024,78,4
2026-08-14,PHC024,72,4
2026-08-15,PHC024,74,4
2026-08-16,PHC024,45,2
2026-08-17,PHC024,82,4
2026-08-18,PHC024,77,4
2026-08-19,PHC024,62,3
2026-08-20,PHC024,76,4
2026-08-21,PHC024,80,4
2026-08-22,PHC024,80,4
2026-08-23,PHC024,51,3
2026-08-24,PHC024,80,4
2026-08-25,PHC024,78,4
2026-08-26,PHC024,82,4
2026-08-27,PHC024,70,4
